Admin2,Admin3,Admin4,Province,Partner,Municipality,Barangay,Household Latrines Construction Started,Construction of Household Latrines Completed,Relocation Latrines Completed,# of RC 143 Volunteers Trained on HP (PHAST & Simplified HP),Households with access to safe water supply,# of households reached on PHAST,Schools Identified,Schools WatSan Facilities Construction Started,Schools WatSan Facilities Completed,# Individuals trained in CHAST,# of students reached on CHAST,Community - Based WatSan Facilities,Additional Comments
PH060400000,PH060401000,PH060401001,Aklan,IFRC,Altavas,Cabangila,0,0,0,31,,,0,0,,,,0,
PH060400000,PH060401000,PH060401010,Aklan,IFRC,Altavas,Odiong,,0,,32,,,,,,,,,
PH060400000,PH060402000,PH060402001,Aklan,Spanish Red Cross,Balete,Aranas,0,0,0,19,,,,0,0,,,1,
PH060400000,PH060402000,PH060402002,Aklan,Spanish Red Cross,Balete,Arcangel,0,0,0,20,,,,0,0,,,1,
PH060400000,PH060402000,PH060402004,Aklan,Spanish Red Cross,Balete,Calizo,0,0,,10,,,,,0,,,0,
PH060400000,PH060402000,PH060402005,Aklan,Spanish Red Cross,Balete,Cortes,0,0,0,29,,,,0,0,,,1,
PH060400000,PH060402000,PH060402006,Aklan,Spanish Red Cross,Balete,Feliciano,0,0,0,28,,,,0,0,,,1,
PH060400000,PH060402000,PH060402007,Aklan,Spanish Red Cross,Balete,Fulgencio,0,0,,8,,,,,,,,1,0
PH060400000,PH060402000,PH060402008,Aklan,Spanish Red Cross,Balete,Guanko,0,0,0,13,,,,0,,,,1,
PH060400000,PH060402000,PH060402009,Aklan,Spanish Red Cross,Balete,Morales,0,0,,7,,,,,,,,0,
PH060400000,PH060402000,PH060402010,Aklan,Spanish Red Cross,Balete,Oquendo,0,0,,0,,,,,,,,0,
PH060400000,PH060402000,PH060402011,Aklan,Spanish Red Cross,Balete,Poblacion,0,0,,134,,,,,,,,0,
PH060400000,PH060403000,PH060403002,Aklan,IFRC,Banga,Bacan,4,4,0,19,,,,0,0,,,0,
PH060400000,PH060403000,PH060403003,Aklan,IFRC,Banga,Badiangan,3,3,0,0,,,,0,0,,,0,
PH060400000,PH060403000,PH060403004,Aklan,IFRC,Banga,Cerrudo,2,2,0,0,,,,0,0,,,0,
PH060400000,PH060403000,PH060403006,Aklan,IFRC,Banga,Daguitan,3,3,,0,,,,0,0,,,0,
PH060400000,PH060403000,PH060403009,Aklan,IFRC,Banga,Dingle,9,9,,0,,,,0,0,,,0,
PH060400000,PH060403000,PH060403012,Aklan,IFRC,Banga,Libas,10,10,0,0,,,,0,0,,,0,
PH060400000,PH060403000,PH060403014,Aklan,IFRC,Banga,Mambog,3,3,,0,,,,0,0,,,0,
PH060400000,PH060403000,PH060403015,Aklan,IFRC,Banga,Mangan,6,6,0,0,,,,0,0,,,0,
PH060400000,PH060403000,PH060403016,Aklan,IFRC,Banga,Muguing,3,3,,0,,,,0,0,,,0,
PH060400000,PH060403000,PH060403017,Aklan,IFRC,Banga,Pagsanghan,5,5,0,0,,,,0,0,,,0,
PH060400000,PH060403000,PH060403020,Aklan,IFRC,Banga,Polo,2,2,0,0,,,,0,0,,,0,
PH060400000,PH060403000,PH060403021,Aklan,IFRC,Banga,Polocate,2,2,,0,,,,0,0,,,0,
PH060400000,PH060403000,PH060403026,Aklan,IFRC,Banga,Tabayon,12,12,0,0,,,,0,0,,,0,
PH060400000,PH060403000,PH060403030,Aklan,IFRC,Banga,Venturanza,14,14,0,0,,,,0,0,,,0,
PH060400000,PH060403000,#N/A,Aklan,IFRC,Banga,Plocate,2,2,0,,,,,0,,,,0,
PH060400000,PH060408000,PH060408001,Aklan,Air Asia,Lezo,Agcawilan,28,28,,,,,,0,,,,,
PH060400000,PH060408000,PH060408002,Aklan,Air Asia,Lezo,Bagto,6,6,,0,,,0,0,,,,,
PH060400000,PH060408000,PH060408003,Aklan,Air Asia,Lezo,Bugasongan,3,3,,0,,,0,0,,,,,
PH060400000,PH060408000,PH060408004,Aklan,Air Asia,Lezo,Carugdog,20,20,0,0,,,0,0,0,0,,0,
PH060400000,PH060408000,PH060408005,Aklan,Air Asia,Lezo,Cogon,8,8,,,,,,,,,,,
PH060400000,PH060408000,PH060408006,Aklan,Air Asia,Lezo,Ibao,21,21,,,,,0,0,,,,,
PH060400000,PH060408000,PH060408007,Aklan,Air Asia,Lezo,Mina,9,9,,,,,0,0,,,,,
PH060400000,PH060408000,PH060408008,Aklan,Air Asia,Lezo,Poblacion,10,10,0,,,,,0,,,,0,
PH060400000,PH060408000,PH060408010,Aklan,Air Asia,Lezo,Santa Cruz Bigaa,9,9,0,,,,,0,,,,0,
PH060400000,PH060408000,PH060408012,Aklan,Air Asia,Lezo,Tayhawan,16,16,,,,0,0,0,,0,,0,
PH060400000,PH060408000,#N/A,Aklan,Air Asia,Lezo,Silakat Nonok,20,20,,,,,,0,,,,0,
PH060400000,PH060409000,PH060409001,Aklan,Finnish Red Cross,Libacao,Agmailig,0,0,,5,0,36,0,,,0,,0,0
PH060400000,PH060409000,PH060409002,Aklan,Finnish Red Cross,Libacao,Alfonso XII,0,0,,4,0,55,0,,,0,,0,
PH060400000,PH060409000,PH060409003,Aklan,Finnish Red Cross,Libacao,Batobato,0,0,,3,0,39,0,,,0,,0,
PH060400000,PH060409000,PH060409004,Aklan,Finnish Red Cross,Libacao,Bonza,0,0,,2,0,23,0,,,0,,0,
PH060400000,PH060409000,PH060409005,Aklan,Finnish Red Cross,Libacao,Calacabian,0,0,,5,0,43,0,,,0,,0,
PH060400000,PH060409000,PH060409006,Aklan,Finnish Red Cross,Libacao,Calamcan,0,0,,3,0,16,0,,,0,,0,
PH060400000,PH060409000,PH060409007,Aklan,Finnish Red Cross,Libacao,Can-Awan,0,0,,3,0,28,0,,,0,,0,
PH060400000,PH060409000,PH060409008,Aklan,Finnish Red Cross,Libacao,Casit-an,0,0,,2,0,27,0,,,0,,0,0
PH060400000,PH060409000,PH060409010,Aklan,Finnish Red Cross,Libacao,Guadalupe,0,0,,11,0,25,0,,,0,,0,
PH060400000,PH060409000,PH060409011,Aklan,Finnish Red Cross,Libacao,Janlud,0,0,,0,0,54,0,,,0,,0,
PH060400000,PH060409000,PH060409012,Aklan,Finnish Red Cross,Libacao,Julita,0,0,,9,0,90,0,,,0,,0,0
PH060400000,PH060409000,PH060409013,Aklan,Finnish Red Cross,Libacao,Luctoga,0,0,,6,0,70,0,,,0,,0,
PH060400000,PH060409000,PH060409014,Aklan,Finnish Red Cross,Libacao,Magugba,0,0,,4,0,30,0,,,0,,0,
PH060400000,PH060409000,PH060409015,Aklan,Finnish Red Cross,Libacao,Manika,0,0,,0,0,,0,,,0,,,
PH060400000,PH060409000,PH060409016,Aklan,Finnish Red Cross,Libacao,Ogsip,0,0,,7,0,23,0,,,0,,0,
PH060400000,PH060409000,PH060409017,Aklan,Finnish Red Cross,Libacao,Ortega,0,0,,5,0,50,0,,,0,,0,0
PH060400000,PH060409000,PH060409018,Aklan,Finnish Red Cross,Libacao,Oyang,0,0,,0,0,,,,,,,,
PH060400000,PH060409000,PH060409019,Aklan,Finnish Red Cross,Libacao,Pampango,0,0,,7,0,90,0,,,0,,0,
PH060400000,PH060409000,PH060409020,Aklan,Finnish Red Cross,Libacao,Pinonoy,0,0,,4,0,24,0,,,0,,0,
PH060400000,PH060409000,PH060409022,Aklan,Finnish Red Cross,Libacao,Rivera,0,0,,3,0,28,0,,,0,,0,0
PH060400000,PH060409000,PH060409023,Aklan,Finnish Red Cross,Libacao,Rosal,0,0,,5,0,77,0,,,0,,0,
PH060400000,PH060409000,PH060409024,Aklan,Finnish Red Cross,Libacao,Sibalew,0,0,,4,0,17,0,,,0,,0,
PH060400000,PH060410000,PH060410001,Aklan,Spanish Red Cross,Madalag,Alaminos,6,3,,5,,,,,,,,1,0
PH060400000,PH060410000,PH060410002,Aklan,Spanish Red Cross,Madalag,Alas-as,12,1,0,5,,0,0,0,0,0,,0,0
PH060400000,PH060410000,PH060410003,Aklan,Spanish Red Cross,Madalag,Bacyang,3,1,0,2,112,,0,0,0,0,,1,0
PH060400000,PH060410000,PH060410004,Aklan,Spanish Red Cross,Madalag,Balactasan,6,4,,5,,,,0,0,0,,1,0
PH060400000,PH060410000,PH060410005,Aklan,Spanish Red Cross,Madalag,Cabangahan,0,0,,5,,0,0,0,0,0,,1,0
PH060400000,PH060410000,PH060410006,Aklan,Spanish Red Cross,Madalag,Cabilawan,,,,5,,,,,,,,,0
PH060400000,PH060410000,PH060410007,Aklan,Spanish Red Cross,Madalag,Catabana,0,0,0,5,106,,0,0,0,0,,1,0
PH060400000,PH060410000,PH060410008,Aklan,Spanish Red Cross,Madalag,Dit-Ana,,,,5,,,,,,,,,0
PH060400000,PH060410000,PH060410009,Aklan,Spanish Red Cross,Madalag,Galicia,0,0,,3,,,,0,,,,1,0
PH060400000,PH060410000,PH060410010,Aklan,Spanish Red Cross,Madalag,Guinatu-an,0,0,,5,,0,0,0,0,0,,1,0
PH060400000,PH060410000,PH060410011,Aklan,Spanish Red Cross,Madalag,Logohon,23,9,0,5,124,0,0,0,0,0,,1,0
PH060400000,PH060410000,PH060410012,Aklan,Spanish Red Cross,Madalag,Mamba,33,32,,5,,0,0,0,0,0,,0,0
PH060400000,PH060410000,PH060410013,Aklan,Spanish Red Cross,Madalag,Maria Cristina,,,,5,,,,,,,,,0
PH060400000,PH060410000,PH060410014,Aklan,Spanish Red Cross,Madalag,Medina,0,0,,5,,,,0,0,,,0,0
PH060400000,PH060410000,PH060410015,Aklan,Spanish Red Cross,Madalag,Mercedes,0,0,,3,,,,0,0,,,1,0
PH060400000,PH060410000,PH060410016,Aklan,Spanish Red Cross,Madalag,Napnot,0,0,,3,132,0,0,,,0,,1,0
PH060400000,PH060410000,PH060410017,Aklan,Spanish Red Cross,Madalag,Pang-Itan,,,,3,,,,,,,,,0
PH060400000,PH060410000,PH060410018,Aklan,Spanish Red Cross,Madalag,Paningayan,0,0,,5,,,,,,,,0,0
PH060400000,PH060410000,PH060410019,Aklan,Spanish Red Cross,Madalag,Panipiason,0,0,,0,,,,,,,,0,0
PH060400000,PH060410000,PH060410020,Aklan,Spanish Red Cross,Madalag,Poblacion,20,18,,5,,,,0,0,,,0,0
PH060400000,PH060410000,PH060410021,Aklan,Spanish Red Cross,Madalag,San Jose,0,0,,3,,,,,,,,0,0
PH060400000,PH060410000,PH060410022,Aklan,Spanish Red Cross,Madalag,Singay,0,0,,5,,0,0,0,0,0,,1,0
PH060400000,PH060410000,PH060410023,Aklan,Spanish Red Cross,Madalag,Talangban,0,0,,4,,,,,,,,1,0
PH060400000,PH060410000,PH060410024,Aklan,Spanish Red Cross,Madalag,Talimagao,0,0,,2,79,0,0,,,0,,1,0
PH060400000,PH060410000,PH060410025,Aklan,Spanish Red Cross,Madalag,Tigbawan,0,1,0,0,,0,0,0,0,0,,0,0
PH060400000,PH060415000,PH060415001,Aklan,IFRC,New Washington,Candelaria,22,22,,0,,,,,,,,,
PH060400000,PH060415000,PH060415002,Aklan,IFRC,New Washington,Cawayan,37,37,0,0,,0,1,1,0,0,,0,
PH060400000,PH060415000,PH060415003,Aklan,IFRC,New Washington,Dumaguit,61,61,,0,,,0,0,,,,,
PH060400000,PH060415000,PH060415005,Aklan,IFRC,New Washington,Guinbaliwan,83,83,0,0,,,,0,,,,0,
PH060400000,PH060415000,PH060415006,Aklan,IFRC,New Washington,Jalas,64,64,0,,,0,0,0,,0,,0,
PH060400000,PH060415000,PH060415007,Aklan,IFRC,New Washington,Jugas,57,57,,,,0,0,0,,0,,0,
PH060400000,PH060415000,PH060415009,Aklan,IFRC,New Washington,Mabilo,81,81,0,0,,0,1,1,1,0,,0,
PH060400000,PH060415000,PH060415011,Aklan,IFRC,New Washington,Ochando,66,66,0,0,,0,1,1,1,0,,0,
PH060400000,PH060415000,PH060415014,Aklan,IFRC,New Washington,Polo,0,0,,,,0,1,1,,0,,0,
PH060400000,PH060415000,PH060415015,Aklan,IFRC,New Washington,Puis,105,105,0,0,,0,1,1,,0,,0,
PH060400000,PH060415000,#N/A,Aklan,IFRC,New Washington,Lawaan,49,49,,,,0,0,0,,0,,0,
PH060400000,#N/A,#N/A,Aklan,IFRC,New Wasshington,Polo,2,2,,,,,,,,,,,
PH060600000,PH060602000,PH060602002,Antique,IFRC,Barbaza,Baghari,2,2,,,,,0,,,,,,
PH060600000,PH060602000,PH060602003,Antique,IFRC,Barbaza,Bahuyan,8,8,,,,,0,,,,,,
PH060600000,PH060602000,PH060602004,Antique,IFRC,Barbaza,Beri,39,39,,,,0,0,,,0,,0,
PH060600000,PH060602000,PH060602006,Antique,IFRC,Barbaza,Binangbang,28,28,,,,,,,,,,,
PH060600000,PH060602000,PH060602012,Antique,IFRC,Barbaza,Cubay,25,25,,10,,178,0,0,,0,,0,
PH060600000,PH060602000,PH060602013,Antique,IFRC,Barbaza,Esparar,28,28,,,,,,,,,,,
PH060600000,PH060602000,PH060602014,Antique,IFRC,Barbaza,Gua,18,18,,,,,,,,,,,
PH060600000,PH060602000,PH060602016,Antique,IFRC,Barbaza,Igpalge,19,16,,,,,0,,,,,,
PH060600000,PH060602000,PH060602020,Antique,IFRC,Barbaza,Ipil,24,24,,,,0,0,,,0,,0,
PH060600000,PH060602000,PH060602021,Antique,IFRC,Barbaza,Jinalinan,30,19,,,,,0,,,,,,
PH060600000,PH060602000,PH060602024,Antique,IFRC,Barbaza,Lisub,11,11,,10,,166,0,0,,,,,
PH060600000,PH060602000,PH060602026,Antique,IFRC,Barbaza,Mablad,3,3,,,,,,,,,,,
PH060600000,PH060602000,PH060602027,Antique,IFRC,Barbaza,Magtulis,22,22,,,,0,0,,,0,,0,
PH060600000,PH060602000,PH060602030,Antique,IFRC,Barbaza,Mayos,0,0,,,,,,,,,,,
PH060600000,PH060602000,PH060602033,Antique,IFRC,Barbaza,Palma,41,41,,,,0,0,,,0,,0,
PH060600000,PH060602000,PH060602034,Antique,IFRC,Barbaza,Poblacion,20,12,,,,,0,,,,,,
PH060600000,PH060602000,PH060602035,Antique,IFRC,Barbaza,San Antonio,23,23,,8,,168,0,0,,,,,
PH060600000,PH060602000,PH060602040,Antique,IFRC,Barbaza,Yapo,10,10,,,,,0,,,,,,
PH060600000,PH060602000,#N/A,Antique,IFRC,Barbaza,Binanuan,10,10,,,,0,0,,,0,,0,
PH060600000,PH060602000,#N/A,Antique,IFRC,Barbaza,Embranggaan,10,10,,,,0,0,,,0,,0,
PH060600000,PH060609000,PH060609002,Antique,IFRC,Laua-an,Banban,5,5,,,,,0,,,,,,
PH060600000,PH060609000,PH060609004,Antique,IFRC,Laua-an,Cabariwan,3,3,,,,,,,,,,,
PH060600000,PH060609000,PH060609008,Antique,IFRC,Laua-an,Casit-an,,0,,0,,,1,,,,,,
PH060600000,PH060609000,PH060609011,Antique,IFRC,Laua-an,Guisijan,22,19,,0,,,1,,,,,,
PH060600000,PH060609000,PH060609012,Antique,IFRC,Laua-an,Igtadiao,2,0,,,,,,,,,,,
PH060600000,PH060609000,PH060609013,Antique,IFRC,Laua-an,Intao,15,15,,8,,156,,0,,,,,
PH060600000,PH060609000,PH060609022,Antique,IFRC,Laua-an,Liya-liya,1,1,,,,,,,,,,,
PH060600000,PH060609000,PH060609026,Antique,IFRC,Laua-an,Maria,8,8,,0,,,0,,,,,,
PH060600000,PH060609000,PH060609027,Antique,IFRC,Laua-an,Mauno,8,8,,,,,0,,,,,,
PH060600000,PH060609000,PH060609030,Antique,IFRC,Laua-an,Oloc,8,8,,,,,0,,,,,,
PH060600000,PH060609000,PH060609031,Antique,IFRC,Laua-an,Omlot,5,5,,,,,,,,,,,
PH060600000,PH060609000,PH060609043,Antique,IFRC,Laua-an,Bagongbayan,10,10,,0,,,0,,,,,,
PH060600000,PH060609000,#N/A,Antique,IFRC,Laua-an,Guinbanggaan,7,1,,0,,,1,,,,,,
PH060600000,PH060609000,#N/A,Antique,IFRC,Laua-an,Jaguiquican,,0,,0,,0,1,1,,,,,
PH060600000,PH060615000,PH060615001,Antique,IFRC,Sebaste,Abiera,37,37,,,,,,,,,,,
PH060600000,PH060615000,PH060615002,Antique,IFRC,Sebaste,Aguila,18,18,,,,,,,,,,,
PH060600000,PH060615000,PH060615003,Antique,IFRC,Sebaste,Alegre,8,8,,,,,,,,,,,
PH060600000,PH060615000,PH060615004,Antique,IFRC,Sebaste,Aras-asan,12,12,,,,,,,,,,,
PH060600000,PH060615000,PH060615005,Antique,IFRC,Sebaste,Bacalan,42,42,,,,,,,,,,,
PH060600000,PH060615000,PH060615006,Antique,IFRC,Sebaste,Callan,31,31,,0,,0,1,1,,0,,0,
PH060600000,PH060615000,PH060615007,Antique,IFRC,Sebaste,Nauhon,12,12,,12,,202,,0,,,,,
PH060600000,PH060615000,PH060615009,Antique,IFRC,Sebaste,Poblacion,33,33,,0,,0,1,1,,0,,0,
PH060600000,PH060615000,PH060615010,Antique,IFRC,Sebaste,Idio,32,32,,,,,,,,,,,
PH060600000,PH060615000,#N/A,Antique,IFRC,Sebaste,P.Javier,7,7,,,,,,,,,,,
PH060600000,PH060617000,PH060617001,Antique,German Red Cross,Tibiao,Alegre,,0,,2,,41,0,,,,,,
PH060600000,PH060617000,PH060617004,Antique,German Red Cross,Tibiao,Castillo,,0,,2,,41,0,,,,,,
PH060600000,PH060617000,PH060617005,Antique,German Red Cross,Tibiao,Esparagoza,,0,,4,,86,0,,,,,,
PH060600000,PH060617000,PH060617006,Antique,German Red Cross,Tibiao,Importante,,0,,14,,291,0,,,,,,
PH060600000,PH060617000,PH060617007,Antique,German Red Cross,Tibiao,La Paz,,0,,12,,264,0,,,,,,
PH060600000,PH060617000,PH060617009,Antique,German Red Cross,Tibiao,Martinez,,0,,19,,406,0,,,,,,
PH060600000,PH060617000,PH060617010,Antique,German Red Cross,Tibiao,Natividad,,0,,8,,117,0,,,,,,
PH060600000,PH060617000,PH060617014,Antique,German Red Cross,Tibiao,San Francisco Norte,,0,,16,,296,0,,,,,,
PH060600000,PH060617000,PH060617016,Antique,German Red Cross,Tibiao,San Isidro,,0,,11,,238,0,,,,,,
PH060600000,PH060617000,PH060617020,Antique,German Red Cross,Tibiao,Tigbaboy,,0,,4,,99,0,,,,,,
PH060600000,PH060617000,#N/A,Antique,German Red Cross,Tibiao,Sta. Ana,,0,,6,,90,0,,,,,,
PH060600000,#N/A,#N/A,Antique,German Red Cross,San Jose,Bariri,,0,,10,,205,0,,,,,,
PH060600000,#N/A,#N/A,Antique,German Red Cross,San Jose,Bugarot,,0,,9,,190,0,,,,,,
PH060600000,#N/A,#N/A,Antique,German Red Cross,San Jose,Durog,,0,,3,,80,0,,,,,,
PH061900000,PH061903000,PH061903009,Capiz,German Red Cross,Dumalag,San Martin,35,35,,4,,,,0,,0,,0,
PH061900000,PH061903000,PH061903010,Capiz,German Red Cross,Dumalag,San Miguel,,,,19,,,,,,,,,
PH061900000,PH061903000,PH061903011,Capiz,German Red Cross,Dumalag,San Rafael,63,59,,16,,0,0,0,0,0,,1,
PH061900000,PH061903000,PH061903018,Capiz,German Red Cross,Dumalag,Santo Angel,,,,26,,,,,,,,,
PH061900000,PH061904000,PH061904003,Capiz,German Red Cross,Dumarao,Aglanot,,,,14,,,,,,,,,
PH061900000,PH061904000,PH061904006,Capiz,German Red Cross,Dumarao,Agsirab,,,,10,,,,,,,,,
PH061900000,PH061904000,PH061904011,Capiz,German Red Cross,Dumarao,Calapawan,0,0,,9,,,,,,,,,
PH061900000,PH061904000,PH061904017,Capiz,German Red Cross,Dumarao,Guinotos,0,0,,8,,,,,,0,,,
PH061900000,PH061904000,PH061904021,Capiz,German Red Cross,Dumarao,Lawaan,2,2,,18,,,,,,,,,
PH061900000,PH061904000,PH061904023,Capiz,German Red Cross,Dumarao,Malonoy,0,0,,9,,,,,,,,,
PH061900000,PH061904000,PH061904030,Capiz,German Red Cross,Dumarao,Sagrada Familia,2,2,,22,,,,,,,,,
PH061900000,PH061904000,PH061904032,Capiz,German Red Cross,Dumarao,San Juan,0,0,,10,,,,,,,,,
PH061900000,PH061904000,PH061904034,Capiz,German Red Cross,Dumarao,Tamulalod,0,0,,7,,,,,,,,,
PH061900000,PH061904000,PH061904036,Capiz,German Red Cross,Dumarao,Tina,,,,14,,,,,,,,,
PH061900000,PH061905000,PH061905002,Capiz,Taiwan Red Cross Organisation,Ivisan,Agustin Navarra,1,1,,,,,,,,,,,
PH061900000,PH061905000,PH061905005,Capiz,Hong Kong Red Cross (Branch of the Red Cross Society of China),Ivisan,Cabugao,16,10,,,,,,,0,,,,
PH061900000,PH061905000,PH061905010,Capiz,Hong Kong Red Cross (Branch of the Red Cross Society of China),Ivisan,Matnog,20,20,,,,0,0,,,0,,0,
PH061900000,PH061905000,#N/A,Capiz,Hong Kong Red Cross (Branch of the Red Cross Society of China),Ivisan,Sta. Cruz,36,33,,,,0,0,,0,0,,0,
PH061900000,PH061909000,PH061909001,Capiz,IFRC,Panay,Agbalo,34,14,,,,,,,0,,,,
PH061900000,PH061909000,PH061909004,Capiz,IFRC,Panay,Anhawon,23,0,,,,,,,0,,,,
PH061900000,PH061909000,PH061909006,Capiz,IFRC,Panay,Bago Chiquito,24,24,,0,,,0,0,,0,,0,
PH061900000,PH061909000,PH061909007,Capiz,IFRC,Panay,Bago Grande,10,10,,0,,,0,0,,0,,0,
PH061900000,PH061909000,PH061909008,Capiz,IFRC,Panay,Bahit,7,7,,,,,0,0,,0,,,
PH061900000,PH061909000,PH061909011,Capiz,IFRC,Panay,Binangig,8,8,,0,,,0,0,,0,,0,
PH061900000,PH061909000,PH061909012,Capiz,IFRC,Panay,Binantuan,23,23,,0,,,0,0,,0,,0,
PH061900000,PH061909000,PH061909017,Capiz,IFRC,Panay,Cabugao Oeste,38,38,,0,,,0,0,,0,,0,
PH061900000,PH061909000,PH061909020,Capiz,IFRC,Panay,Candual,17,17,,,,,,0,,,,,
PH061900000,PH061909000,PH061909022,Capiz,IFRC,Panay,Daga,11,0,,,,,,,,,,,
PH061900000,PH061909000,PH061909027,Capiz,IFRC,Panay,Libon,21,21,,,,,,0,,,,,
PH061900000,PH061909000,PH061909028,Capiz,IFRC,Panay,Linao,34,34,,,,0,1,1,1,18,,0,
PH061900000,PH061909000,PH061909030,Capiz,IFRC,Panay,Lomboy,21,18,,,,,,,0,,,,
PH061900000,PH061909000,PH061909031,Capiz,IFRC,Panay,Lus-Onan,28,28,,,,,1,1,1,18,,0,
PH061900000,PH061909000,PH061909032,Capiz,IFRC,Panay,Magubilan,37,37,,0,,,0,0,,0,,0,
PH061900000,PH061909000,PH061909035,Capiz,IFRC,Panay,Pili,13,13,,,,0,0,,0,0,,0,
PH061900000,PH061910000,PH061910004,Capiz,IFRC,Panitan,Ambilay,42,42,0,0,,,1,1,1,17,,0,
PH061900000,PH061910000,PH061910005,Capiz,IFRC,Panitan,Bahit,28,15,0,0,,,1,1,1,18,,0,
PH061900000,PH061910000,PH061910006,Capiz,IFRC,Panitan,Balatucan,28,28,0,0,,,0,0,0,0,,0,
PH061900000,PH061910000,PH061910008,Capiz,IFRC,Panitan,Cabugao,29,29,,0,,,0,0,,0,,0,
PH061900000,PH061910000,PH061910009,Capiz,IFRC,Panitan,Cabangahan,21,21,,,,,1,1,1,18,,0,
PH061900000,PH061910000,PH061910010,Capiz,IFRC,Panitan,Cadio,36,36,,,,0,0,,,0,,0,
PH061900000,PH061910000,PH061910012,Capiz,IFRC,Panitan,Capagao,33,33,,,,,,,,,,,
PH061900000,PH061910000,PH061910014,Capiz,IFRC,Panitan,Conciencia,45,29,,,,,,,0,,,,
PH061900000,PH061910000,PH061910015,Capiz,IFRC,Panitan,Ensenagan,34,34,,,,,,,0,,,,
PH061900000,PH061910000,PH061910017,Capiz,IFRC,Panitan,Pasugue,13,13,,0,,,,,,0,,,
PH061900000,PH061910000,#N/A,Capiz,IFRC,Panitan,Calaan,32,32,,0,,,0,0,0,0,,,
PH061900000,PH061917000,PH061917001,Capiz,German Red Cross,Tapaz,Abangay,,,,6,,,,,,,,,
PH061900000,PH061917000,PH061917003,Capiz,German Red Cross,Tapaz,Agcococ,,,,9,,,,,,,,,
PH061900000,PH061917000,PH061917004,Capiz,German Red Cross,Tapaz,Aglinab,7,7,,6,,,,,,,,0,
PH061900000,PH061917000,PH061917008,Capiz,German Red Cross,Tapaz,Artuz,,,,16,,,,,,,,,
PH061900000,PH061917000,PH061917036,Capiz,German Red Cross,Tapaz,Roxas,2,2,,12,,,,,,,,,
PH063000000,PH063001000,PH063001001,Iloilo,British Red Cross,Ajuy,Adcadarao,0,0,,0,,0,1,,,,,,
PH063000000,PH063001000,PH063001002,Iloilo,British Red Cross,Ajuy,Agbobolo,,,,,,,,,,,,,
PH063000000,PH063001000,PH063001003,Iloilo,British Red Cross,Ajuy,Badiangan,0,0,,0,,0,1,,,,,,
PH063000000,PH063001000,PH063001004,Iloilo,British Red Cross,Ajuy,Barrido,,,,,,,,,,,,,
PH063000000,PH063001000,PH063001005,Iloilo,British Red Cross,Ajuy,Bato Biasong,4,4,,,,,,,,,,,
PH063000000,PH063001000,PH063001006,Iloilo,British Red Cross,Ajuy,Bay-ang,0,0,,9,,604,0,,,0,,,
PH063000000,PH063001000,PH063001007,Iloilo,British Red Cross,Ajuy,Bucana Bunglas,,,,,,,,,,,,,
PH063000000,PH063001000,PH063001008,Iloilo,British Red Cross,Ajuy,Central,11,11,,,,0,,,,,,,
PH063000000,PH063001000,PH063001009,Iloilo,British Red Cross,Ajuy,Culasi,,,,,,,,,,,,,
PH063000000,PH063001000,PH063001010,Iloilo,British Red Cross,Ajuy,Lanjagan,10,10,,4,,404,1,,,0,,0,
PH063000000,PH063001000,PH063001011,Iloilo,British Red Cross,Ajuy,Luca,2,2,,,,,,,,,,,
PH063000000,PH063001000,PH063001012,Iloilo,British Red Cross,Ajuy,Malayu-an,,,,,,,,,,,,,
PH063000000,PH063001000,PH063001013,Iloilo,British Red Cross,Ajuy,Mangorocoro,44,44,,,,0,,,,,,,
PH063000000,PH063001000,PH063001014,Iloilo,British Red Cross,Ajuy,Nasidman,,,,,,,,,,,,,
PH063000000,PH063001000,PH063001015,Iloilo,British Red Cross,Ajuy,Pantalan Nabaye,,,,,,,,,,,,,
PH063000000,PH063001000,PH063001016,Iloilo,British Red Cross,Ajuy,Pantalan Navarro,9,9,,2,,0,0,,,0,,0,
PH063000000,PH063001000,PH063001017,Iloilo,British Red Cross,Ajuy,Pedada,,,,,,,,,,,,,
PH063000000,PH063001000,PH063001018,Iloilo,British Red Cross,Ajuy,Pili,6,6,,3,,0,,,,,,,
PH063000000,PH063001000,PH063001019,Iloilo,British Red Cross,Ajuy,Pinantan Diel,,,,,,,,,,,,,
PH063000000,PH063001000,PH063001020,Iloilo,British Red Cross,Ajuy,Pinantan Elizalde,0,0,,1,,0,0,,,,,,
PH063000000,PH063001000,PH063001021,Iloilo,British Red Cross,Ajuy,Pinay Espinosa,0,0,,5,,106,1,,,0,,,
PH063000000,PH063001000,PH063001022,Iloilo,British Red Cross,Ajuy,Poblacion,1,1,,,,,,,,,,,
PH063000000,PH063001000,PH063001023,Iloilo,British Red Cross,Ajuy,Progreso,37,37,,0,,0,0,,,0,,0,
PH063000000,PH063001000,PH063001024,Iloilo,British Red Cross,Ajuy,Puente Bunglas,,,,,,,,,,,,,
PH063000000,PH063001000,PH063001025,Iloilo,British Red Cross,Ajuy,Punta Buri,0,0,,0,,0,1,,,,,,
PH063000000,PH063001000,PH063001026,Iloilo,British Red Cross,Ajuy,Rojas,,,,,,,,,,,,,
PH063000000,PH063001000,PH063001027,Iloilo,British Red Cross,Ajuy,San Antonio,45,45,,,,0,0,,,0,,0,
PH063000000,PH063001000,PH063001028,Iloilo,British Red Cross,Ajuy,Silagon,19,19,,,,0,0,,,0,,0,
PH063000000,PH063001000,PH063001029,Iloilo,British Red Cross,Ajuy,Santo Rosario,0,0,,,,,,,0,,,,
PH063000000,PH063001000,PH063001030,Iloilo,British Red Cross,Ajuy,Tagubanhan,0,0,,0,,0,1,,,,,,
PH063000000,PH063001000,PH063001031,Iloilo,British Red Cross,Ajuy,Taguhangin,8,8,,0,,0,1,,,0,,0,
PH063000000,PH063001000,PH063001032,Iloilo,British Red Cross,Ajuy,Tanduyan,,,,,,,,,,,,,
PH063000000,PH063001000,PH063001033,Iloilo,British Red Cross,Ajuy,Tipacla,,,,,,,,,,,,,
PH063000000,PH063001000,PH063001034,Iloilo,British Red Cross,Ajuy,Tubogan,,,,,,,,,,,,,
PH063000000,PH063001000,#N/A,Iloilo,British Red Cross,Ajuy,Poblacion Sur,,,,0,,0,,,,0,,,
PH063000000,PH063005000,PH063005002,Iloilo,British Red Cross,Balasan,Bacolod,,,,,,,,,,,,,
PH063000000,PH063005000,PH063005003,Iloilo,British Red Cross,Balasan,Balanti-an,0,0,,7,,472,0,,,0,,,
PH063000000,PH063005000,PH063005004,Iloilo,British Red Cross,Balasan,Batuan,0,0,,,,0,1,,,,,,
PH063000000,PH063005000,PH063005005,Iloilo,British Red Cross,Balasan,Cabalic,,,,,,,,,,,,,
PH063000000,PH063005000,PH063005006,Iloilo,British Red Cross,Balasan,Camambugan,0,0,,,,0,1,,,,,,
PH063000000,PH063005000,PH063005007,Iloilo,British Red Cross,Balasan,Dolores,9,9,,,,,,,,,,,
PH063000000,PH063005000,PH063005008,Iloilo,British Red Cross,Balasan,Gimamanay,41,41,,,,0,0,,,0,,0,
PH063000000,PH063005000,PH063005009,Iloilo,British Red Cross,Balasan,Ipil,,,,,,,,,,,,,
PH063000000,PH063005000,PH063005010,Iloilo,British Red Cross,Balasan,Kinalkalan,10,10,,,,,,,,,,,
PH063000000,PH063005000,PH063005011,Iloilo,British Red Cross,Balasan,Lawis,1,1,,,,0,1,,,,,,
PH063000000,PH063005000,PH063005012,Iloilo,British Red Cross,Balasan,Malapoc,,,,,,,,,,,,,
PH063000000,PH063005000,PH063005013,Iloilo,British Red Cross,Balasan,Mamhut Norte,60,57,,5,,245,0,,,0,,0,
PH063000000,PH063005000,PH063005015,Iloilo,British Red Cross,Balasan,Maya,0,0,,6,,282,0,,,0,,,
PH063000000,PH063005000,PH063005016,Iloilo,British Red Cross,Balasan,Pani-an,,,,,,,,,,,,,
PH063000000,PH063005000,PH063005017,Iloilo,British Red Cross,Balasan,Poblacion Norte,,,,,,,,,,,,,
PH063000000,PH063005000,PH063005018,Iloilo,British Red Cross,Balasan,Poblacion Sur,0,0,,8,,352,0,,,,,,
PH063000000,PH063005000,PH063005019,Iloilo,British Red Cross,Balasan,Quiasan,0,0,,0,,0,1,,,,,,
PH063000000,PH063005000,PH063005020,Iloilo,British Red Cross,Balasan,Salong,,,,1,,0,,,,,,,
PH063000000,PH063005000,PH063005021,Iloilo,British Red Cross,Balasan,Salvacion,2,2,,,,328,0,,,,,,
PH063000000,PH063005000,PH063005022,Iloilo,British Red Cross,Balasan,Tingui-an,66,66,0,6,,0,0,0,0,0,,0,
PH063000000,PH063005000,PH063005023,Iloilo,British Red Cross,Balasan,Zaragosa,59,59,,0,,0,0,,,0,,0,
PH063000000,PH063014000,PH063014003,Iloilo,Korean Red Cross,Carles,Asluman,,,,0,,0,1,,,15,744,,
PH063000000,PH063014000,PH063014009,Iloilo,Korean Red Cross,Carles,Binuluangan,,,,0,,0,1,,,11,360,,
PH063000000,PH063014000,PH063014010,Iloilo,Korean Red Cross,Carles,Bito-on,,,,0,,0,1,,,5,420,,
PH063000000,PH063014000,PH063014019,Iloilo,Korean Red Cross,Carles,Cawayan,,,,0,,0,1,1,,14,1625,,
PH063000000,PH063014000,PH063014022,Iloilo,Korean Red Cross,Carles,Granada,,,,0,,0,1,,,14,563,,
PH063000000,PH063014000,PH063014032,Iloilo,Korean Red Cross,Carles,Talingting,,,,0,,0,1,,,14,498,,
PH063000000,PH063014000,#N/A,Iloilo,Korean Red Cross,Carles,Toong,,,,0,,0,1,1,,10,309,,
PH072200000,PH072209000,PH072209001,Cebu,German Red Cross,Bantayan,Atop-Atop,5,5,0,34,,796,0,0,0,0,,0,0
PH072200000,PH072209000,PH072209003,Cebu,German Red Cross,Bantayan,Baod,49,34,0,33,,735,0,0,0,0,,2,
PH072200000,PH072209000,PH072209009,Cebu,German Red Cross,Bantayan,Guiwanon,56,54,2,34,,659,0,0,0,0,,3,
PH072200000,PH072209000,PH072209012,Cebu,German Red Cross,Bantayan,Kangkaibe,6,6,0,26,,660,0,0,0,0,,0,
PH072200000,PH072209000,PH072209016,Cebu,German Red Cross,Bantayan,Mojon,2,2,0,34,,713,0,,,0,,0,
PH072200000,PH072209000,PH072209026,Cebu,German Red Cross,Bantayan,Ticad (Pob.),1,1,0,0,,,0,0,0,0,,0,
PH072200000,PH072221000,PH072221002,Cebu,Taiwan Red Cross Organisation,Daanbantayan,Bagay,3,3,0,,,0,0,,,0,,0,
PH072200000,PH072221000,PH072221004,Cebu,Japanese Red Cross,Daanbantayan,Bateria,10,7,0,26,,0,2,,,,,0,
PH072200000,PH072221000,PH072221005,Cebu,Japanese Red Cross,Daanbantayan,Bitoon,12,0,0,28,,0,2,,,,,0,
PH072200000,PH072221000,PH072221006,Cebu,Japanese Red Cross,Daanbantayan,Calape,7,6,0,22,,0,2,,,,,0,
PH072200000,PH072221000,PH072221009,Cebu,Japanese Red Cross,Daanbantayan,Lanao,0,0,,49,,0,1,,,,,,
PH072200000,PH072221000,PH072221012,Cebu,Japanese Red Cross,Daanbantayan,Malingin,0,0,,8,,0,2,,,,,,
PH072200000,PH072221000,PH072221015,Cebu,French Red Cross,Daanbantayan,Paypay,148,20,2,0,,0,0,0,0,0,,0,
PH072200000,PH072221000,PH072221020,Cebu,Taiwan Red Cross Organisation,Daanbantayan,Tominjao,3,3,0,,,,0,,,,,0,
PH072200000,PH072228000,PH072228001,Cebu,German Red Cross,Madridejos,Bunakan,0,0,0,19,,579,0,,,0,,3,
PH072200000,PH072228000,PH072228013,Cebu,German Red Cross,Madridejos,Tarong,3,3,0,17,,620,0,,,0,,2,
PH072200000,PH072243000,PH072243001,Cebu,IFRC,San Remigio,Anapog,36,36,0,,,,0,,,,,0,
PH072200000,PH072243000,PH072243002,Cebu,IFRC,San Remigio,Argawanon,129,129,0,0,,0,0,,0,,,0,
PH072200000,PH072243000,PH072243003,Cebu,IFRC,San Remigio,Bagtic,0,0,,,,0,1,,,0,,0,
PH072200000,PH072243000,PH072243004,Cebu,IFRC,San Remigio,Bancasan,51,51,,16,,356,0,,,0,,0,
PH072200000,PH072243000,PH072243005,Cebu,IFRC,San Remigio,Batad,62,62,,,,0,0,,,0,,0,
PH072200000,PH072243000,PH072243007,Cebu,IFRC,San Remigio,Calambua,0,0,,16,,258,0,,,,,0,
PH072200000,PH072243000,PH072243009,Cebu,IFRC,San Remigio,Dapdap,38,38,,0,,0,0,,,,,0,
PH072200000,PH072243000,PH072243011,Cebu,IFRC,San Remigio,Hagnaya,24,0,,,,0,1,,,0,,0,
PH072200000,PH072243000,PH072243012,Cebu,IFRC,San Remigio,Kayam,38,38,0,0,,0,1,,,,,,
PH072200000,PH072243000,PH072243014,Cebu,IFRC,San Remigio,Lambusan,60,60,,,,0,,,,,,0,
PH072200000,PH072243000,PH072243015,Cebu,IFRC,San Remigio,Lawis,58,58,0,0,,0,0,0,0,0,,0,
PH072200000,PH072243000,PH072243016,Cebu,IFRC,San Remigio,Libaong,0,0,,8,,186,1,,,,,0,
PH072200000,PH072243000,PH072243017,Cebu,IFRC,San Remigio,Looc,25,25,,0,,0,0,,,,,,
PH072200000,PH072243000,PH072243019,Cebu,IFRC,San Remigio,Mano,15,0,0,,,,0,,,,,0,
PH072200000,PH072243000,PH072243020,Cebu,IFRC,San Remigio,Poblacion,62,62,0,0,,0,0,0,0,0,,0,
PH072200000,PH072243000,PH072243021,Cebu,IFRC,San Remigio,Punta,48,48,,0,,0,0,,0,,,,
PH072200000,PH072243000,PH072243022,Cebu,IFRC,San Remigio,Sab-a,0,0,,,,0,1,,,0,,0,
PH072200000,PH072243000,PH072243025,Cebu,IFRC,San Remigio,Tambongon,41,41,0,,,0,0,,,,,0,
PH072200000,PH072243000,PH072243026,Cebu,IFRC,San Remigio,To-ong,23,23,,,,0,1,,,0,,0,
PH072200000,#N/A,#N/A,Cebu,German Red Cross,Bogo,Anonang Norte,65,64,0,5,,160,0,,,0,,0,
PH072200000,#N/A,#N/A,Cebu,German Red Cross,Bogo,Anonang Sur,74,72,0,5,,315,0,,,0,,1,
PH072200000,#N/A,#N/A,Cebu,German Red Cross,Bogo,Binabag,80,75,0,6,,130,0,,,0,,0,
PH072200000,#N/A,#N/A,Cebu,German Red Cross,Bogo,Libertad,17,15,0,10,,321,0,,,,,0,
PH072200000,#N/A,#N/A,Cebu,German Red Cross,Bogo,Malingin,90,85,0,6,,160,0,,,0,,2,
PH072200000,#N/A,#N/A,Cebu,German Red Cross,Bogo,Odlot,20,17,0,7,,302,0,,,,,0,
PH082600000,PH082602000,PH082602002,Eastern Samar,Norwegian Red Cross,Balangiga,Cag-olango,38,38,,,,81,,0,0,,,0,
PH082600000,PH082602000,PH082602003,Eastern Samar,Norwegian Red Cross,Balangiga,Cansumangcay,116,116,,,,195,,0,0,,,0,
PH082600000,PH082602000,PH082602005,Eastern Samar,Norwegian Red Cross,Balangiga,Barangay Poblacion I,143,143,,,,201,,,,,,0,
PH082600000,PH082602000,PH082602006,Eastern Samar,Norwegian Red Cross,Balangiga,Barangay Poblacion II,14,14,,,,10,,,,,,,
PH082600000,PH082602000,PH082602007,Eastern Samar,Norwegian Red Cross,Balangiga,Barangay Poblacion III,60,60,,,,206,,0,0,,,0,
PH082600000,PH082602000,PH082602011,Eastern Samar,Norwegian Red Cross,Balangiga,San Miguel,204,204,,,,307,,,,,,0,
PH082600000,PH082602000,PH082602012,Eastern Samar,Norwegian Red Cross,Balangiga,Santa Rosa,165,165,,,,395,,0,0,,,0,
PH082600000,PH082608000,PH082608008,Eastern Samar,Norwegian Red Cross,Giporlos,Biga,104,104,,,,142,,,,,,0,
PH082600000,PH082608000,PH082608015,Eastern Samar,Norwegian Red Cross,Giporlos,President Roxas,45,45,,,,52,,0,0,,,,
PH082600000,PH082608000,PH082608017,Eastern Samar,Norwegian Red Cross,Giporlos,San Miguel,43,43,,,,53,,0,0,,,,
PH082600000,PH082608000,PH082608018,Eastern Samar,Norwegian Red Cross,Giporlos,Santa Cruz (Cansingkol),50,50,,,,0,,,,,,,
PH082600000,PH082608000,#N/A,Eastern Samar,Norwegian Red Cross,Giporlos,Santa Cruz,0,0,,,,57,,0,0,,,,
PH082600000,PH082609000,PH082609002,Eastern Samar,Norwegian Red Cross,Guiuan,Bagua,0,0,,,,94,,,,,,,
PH082600000,PH082609000,PH082609004,Eastern Samar,Norwegian Red Cross,Guiuan,Banahao,0,0,,,,160,,,,,,,
PH082600000,PH082609000,PH082609015,Eastern Samar,Norwegian Red Cross,Guiuan,Cantahay,0,0,,,,309,,,,,,,
PH082600000,PH082609000,PH082609018,Eastern Samar,Norwegian Red Cross,Guiuan,Cogon,0,0,,,,322,,,,,,,
PH082600000,PH082609000,PH082609022,Eastern Samar,Norwegian Red Cross,Guiuan,Gahoy,0,0,,,,190,,,,,,,
PH082600000,PH082609000,PH082609055,Eastern Samar,Norwegian Red Cross,Guiuan,Timala,0,0,,,,90,,,,,,,
PH082600000,PH082609000,PH082609064,Eastern Samar,Norwegian Red Cross,Guiuan,Tagporo,0,0,,,,90,,,,,,,
PH082600000,PH082609000,#N/A,Eastern Samar,Norwegian Red Cross,Guiuan,Cagdarao,0,0,,,,75,,0,0,,,,
PH082600000,PH082612000,PH082612004,Eastern Samar,Norwegian Red Cross,Lawaan,Guinob-an,65,65,,,,201,,,,,,0,
PH082600000,PH082612000,PH082612020,Eastern Samar,Norwegian Red Cross,Lawaan,San Isidro,0,0,,,,25,,0,0,,,,
PH082600000,PH082616000,PH082616001,Eastern Samar,Norwegian Red Cross,Mercedes,Anuron,80,80,,,,132,,0,0,,,,
PH082600000,PH082616000,PH082616002,Eastern Samar,Norwegian Red Cross,Mercedes,Banuyo,45,45,,,,75,,0,0,,,,
PH082600000,PH082616000,PH082616003,Eastern Samar,Norwegian Red Cross,Mercedes,Bobon,32,32,,,,50,,0,0,,,,
PH082600000,PH082616000,PH082616006,Eastern Samar,Norwegian Red Cross,Mercedes,Cabunga-an,35,35,,,,51,,0,0,,,,
PH082600000,PH082616000,PH082616007,Eastern Samar,Norwegian Red Cross,Mercedes,Cambante,54,54,,,,71,,0,0,,,,
PH082600000,PH082616000,PH082616011,Eastern Samar,Norwegian Red Cross,Mercedes,San Jose,46,46,,,,78,,0,0,,,,
PH082600000,PH082616000,PH082616012,Eastern Samar,Norwegian Red Cross,Mercedes,Sung-an,70,70,,,,114,,0,0,,,,
PH082600000,PH082616000,PH082616016,Eastern Samar,Norwegian Red Cross,Mercedes,San Roque,50,50,,,,91,,0,0,,,,
PH082600000,PH082616000,#N/A,Eastern Samar,Norwegian Red Cross,Mercedes,4,37,37,,,,61,,0,0,,,,
PH082600000,PH082616000,#N/A,Eastern Samar,Norwegian Red Cross,Mercedes,Palamrag,82,82,,,,91,,0,0,,,,
PH082600000,PH082618000,PH082618001,Eastern Samar,Norwegian Red Cross,Quinapondan,Anislag,75,75,,,,59,,0,0,,,,
PH082600000,PH082618000,PH082618014,Eastern Samar,Norwegian Red Cross,Quinapondan,Naga,58,58,,,,60,,,,,,,
PH082600000,PH082618000,PH082618024,Eastern Samar,Norwegian Red Cross,Quinapondan,Barangay No. 6 (Pob.),72,72,,,,70,0,0,0,,,,
PH082600000,PH082618000,PH082618025,Eastern Samar,Norwegian Red Cross,Quinapondan,Barangay No. 7 (Pob.),117,117,,,,105,,0,0,,,,
PH082600000,PH082618000,#N/A,Eastern Samar,Norwegian Red Cross,Quinapondan,Cantino,29,29,,,,29,,0,0,,,,
PH082600000,PH082618000,#N/A,Eastern Samar,Norwegian Red Cross,Quinapondan,Mabini,32,32,,,,35,,0,0,,,,
PH082600000,PH082618000,#N/A,Eastern Samar,Norwegian Red Cross,Quinapondan,Palactad,70,70,,,,91,0,0,0,,,,
PH082600000,PH082619000,PH082619002,Eastern Samar,Norwegian Red Cross,Salcedo,Alog,20,20,,,,46,,,,,,,
PH082600000,PH082619000,PH082619023,Eastern Samar,Norwegian Red Cross,Salcedo,Cagaut,79,79,,,,166,0,,0,,,0,
PH082600000,PH082619000,PH082619026,Eastern Samar,Norwegian Red Cross,Salcedo,Carapdapan,35,35,,,,23,,0,0,,,,
PH082600000,PH082619000,PH082619033,Eastern Samar,Norwegian Red Cross,Salcedo,Maliwaliw,56,56,,,,61,,0,0,,,,
PH082600000,PH082619000,PH082619035,Eastern Samar,Norwegian Red Cross,Salcedo,Matarinao,68,68,,,,70,,,,,,,
PH082600000,PH082619000,PH082619037,Eastern Samar,Norwegian Red Cross,Salcedo,Naparaan,95,65,,,,113,,0,0,,,,
PH082600000,PH082619000,PH082619041,Eastern Samar,Norwegian Red Cross,Salcedo,Seguinon,33,33,,,,54,,0,0,,,0,
PH082600000,PH082619000,PH082619049,Eastern Samar,Norwegian Red Cross,Salcedo,Tacla-on,54,54,,,,60,,,,,,,
PH082600000,PH082619000,PH082619052,Eastern Samar,Norwegian Red Cross,Salcedo,Talangdawan,35,35,,,,125,0,0,0,,,0,
PH082600000,PH082619000,#N/A,Eastern Samar,Norwegian Red Cross,Salcedo,Casilion,74,74,,,,101,0,0,0,,,0,
PH082600000,PH082619000,#N/A,Eastern Samar,Norwegian Red Cross,Salcedo,San Roque,35,35,,,,60,,,,,,,
PH082600000,PH082619000,#N/A,Eastern Samar,Norwegian Red Cross,Salcedo,Tacbacan,58,58,,,,83,,,,,,,
PH082600000,#N/A,#N/A,Eastern Samar,ICRC,Homonhon,Bitaugan,24,24,,,,60,,0,0,,,0,
PH082600000,#N/A,#N/A,Eastern Samar,ICRC,Homonhon,Cagusuan,52,52,,,,56,,0,0,,,0,
PH082600000,#N/A,#N/A,Eastern Samar,ICRC,Homonhon,Canawayon,47,47,,,,50,,0,0,,,,
PH082600000,#N/A,#N/A,Eastern Samar,ICRC,Homonhon,Casuguran,65,65,,,,113,,0,0,,,0,
PH082600000,#N/A,#N/A,Eastern Samar,ICRC,Homonhon,Culasi,43,43,,,,49,,0,0,,,0,
PH082600000,#N/A,#N/A,Eastern Samar,Norwegian Red Cross,Gen. McArthur,Aguinaldo,63,60,,,,100,,0,0,,,,
PH082600000,#N/A,#N/A,Eastern Samar,Norwegian Red Cross,Gen. McArthur,Binalay,0,0,,,,160,,,,,,,
PH082600000,#N/A,#N/A,Eastern Samar,Norwegian Red Cross,Gen. McArthur,Domrog,73,70,,,,160,,0,0,,,,
PH082600000,#N/A,#N/A,Eastern Samar,Norwegian Red Cross,Gen. McArthur,Osmena,42,36,,,,42,,0,0,,,,
PH082600000,#N/A,#N/A,Eastern Samar,Norwegian Red Cross,Gen. McArthur,Quirino,4,0,,,,36,,0,0,,,,
PH082600000,#N/A,#N/A,Eastern Samar,Norwegian Red Cross,Gen. McArthur,Roxas,27,20,,,,50,,0,0,,,,
PH082600000,#N/A,#N/A,Eastern Samar,Norwegian Red Cross,Gen. McArthur,San Roque,0,0,,,,19,,,,,,,
PH082600000,#N/A,#N/A,Eastern Samar,Norwegian Red Cross,Gen. McArthur,Santa Cruz,0,0,,,,78,,0,0,,,,
PH082600000,#N/A,#N/A,Eastern Samar,Norwegian Red Cross,Gen. McArthur,Santa Fe,13,13,,,,27,,0,0,,,,
PH082600000,#N/A,#N/A,Eastern Samar,Norwegian Red Cross,Gen. McArthur,Tugop,25,19,,,,44,,0,0,,,,
PH082600000,#N/A,#N/A,Eastern Samar,Norwegian Red Cross,Gen. McArthur,Vigan,0,0,,,,143,,,,,,,
PH083700000,PH083702000,PH083702001,Leyte,American Red Cross,Alangalang,Aslum,0,0,,,,135,1,0,,,,0,
PH083700000,PH083702000,PH083702002,Leyte,American Red Cross,Alangalang,Astorga (Burabod),1,1,,0,,225,1,0,0,,,0,
PH083700000,PH083702000,PH083702024,Leyte,American Red Cross,Alangalang,Hubang,5,5,,0,,385,1,0,0,,,0,
PH083700000,PH083702000,PH083702033,Leyte,American Red Cross,Alangalang,Peñalosa,3,3,,,,196,1,0,0,,,5,
PH083700000,PH083702000,PH083702043,Leyte,American Red Cross,Alangalang,Santiago,0,0,,,,47,1,0,,,,1,
PH083700000,PH083706000,PH083706001,Leyte,IFRC,Barugo,Abango,58,58,,,,,1,1,0,16,,,
PH083700000,PH083706000,PH083706002,Leyte,IFRC,Barugo,Amahit,0,0,,,,,1,1,0,20,,,
PH083700000,PH083706000,PH083706006,Leyte,IFRC,Barugo,Bukid,85,85,0,0,,,1,1,0,16,,0,
PH083700000,PH083706000,PH083706007,Leyte,IFRC,Barugo,Bulod,23,23,,,,0,0,,,,,0,
PH083700000,PH083706000,PH083706008,Leyte,IFRC,Barugo,Busay,28,28,,,,,0,0,0,0,,,
PH083700000,PH083706000,PH083706011,Leyte,IFRC,Barugo,Can-isak,40,40,,,,,1,1,0,16,,,
PH083700000,PH083706000,PH083706014,Leyte,IFRC,Barugo,Guindaohan,52,52,,,,0,0,,,,,0,
PH083700000,PH083706000,PH083706015,Leyte,IFRC,Barugo,Hiagsam,9,9,,,,,,,0,,,,
PH083700000,PH083706000,PH083706016,Leyte,IFRC,Barugo,Hilaba,45,45,,,,,,,,,,,
PH083700000,PH083706000,PH083706021,Leyte,IFRC,Barugo,Pikas,12,12,,0,,0,1,1,,16,,0,
PH083700000,PH083706000,PH083706029,Leyte,IFRC,Barugo,Pongso,12,12,,,,,,,,,,,
PH083700000,PH083706000,PH083706033,Leyte,IFRC,Barugo,Santa Rosa,40,40,,,,,0,0,0,,,,
PH083700000,PH083706000,PH083706035,Leyte,IFRC,Barugo,Tutug-an,37,37,,0,,0,0,,,,,0,
PH083700000,PH083706000,PH083706036,Leyte,IFRC,Barugo,Cabarasan,37,37,,,,0,0,,,,,0,
PH083700000,PH083706000,PH083706037,Leyte,IFRC,Barugo,Cuta,22,22,,,,,,,0,,,,
PH083700000,PH083706000,#N/A,Leyte,IFRC,Barugo,Caboloan,20,20,,,,,0,0,0,0,,,
PH083700000,PH083706000,#N/A,Leyte,IFRC,Barugo,Poblacion 1,10,10,,,,,0,,0,,,,
PH083700000,PH083706000,#N/A,Leyte,IFRC,Barugo,Poblacion 2,27,27,,,,,0,0,0,0,,,
PH083700000,PH083706000,#N/A,Leyte,IFRC,Barugo,Poblacion 3,5,5,,,,,0,,0,,,,
PH083700000,PH083710000,#N/A,Leyte,IFRC,Burauen,Model House,1,1,,,,,,,0,,,,
PH083700000,PH083713000,PH083713001,Leyte,Australian Red Cross,Calubian,Abanilla,0,0,,0,,,0,0,0,,,,
PH083700000,PH083715000,PH083715003,Leyte,IFRC,Carigara,Barugohay Central,55,55,,0,,0,0,,0,,,0,
PH083700000,PH083715000,PH083715004,Leyte,IFRC,Carigara,Barugohay Norte,94,94,,,,0,0,0,0,,,0,
PH083700000,PH083715000,PH083715008,Leyte,IFRC,Carigara,Bislig,42,42,,0,,0,0,,,,,0,
PH083700000,PH083715000,PH083715042,Leyte,IFRC,Carigara,Uyawan,9,9,,0,,0,0,,,,,0,
PH083700000,PH083717000,PH083717003,Leyte,IFRC,Dagami,Balilit,98,98,,,,,0,0,0,0,,,
PH083700000,PH083717000,PH083717005,Leyte,IFRC,Dagami,Bayabas,22,22,,,,,,,,,,,
PH083700000,PH083717000,PH083717008,Leyte,IFRC,Dagami,Buntay,45,45,,,,0,0,,,,,0,
PH083700000,PH083717000,PH083717009,Leyte,IFRC,Dagami,Caanislagan,39,39,,0,,0,0,,,,,0,
PH083700000,PH083717000,PH083717013,Leyte,IFRC,Dagami,Calipayan,20,20,,0,,0,0,,,,,0,
PH083700000,PH083717000,PH083717016,Leyte,IFRC,Dagami,Calutan,7,7,0,0,,,0,0,0,0,,0,
PH083700000,PH083717000,PH083717024,Leyte,IFRC,Dagami,Hilabago,2,2,,0,,,0,,,,,,
PH083700000,PH083717000,PH083717028,Leyte,IFRC,Dagami,Katipunan,27,27,,0,,0,0,,,,,0,
PH083700000,PH083717000,PH083717034,Leyte,IFRC,Dagami,Ormocay,6,6,,0,,,0,,,,,,
PH083700000,PH083717000,PH083717036,Leyte,IFRC,Dagami,Panda,19,19,,0,,0,0,,,,,0,
PH083700000,PH083717000,PH083717037,Leyte,IFRC,Dagami,Patoc,19,19,,0,,0,0,,,,,0,
PH083700000,PH083717000,PH083717061,Leyte,IFRC,Dagami,Paraiso,9,9,,0,,,0,,0,,,,
PH083700000,PH083717000,PH083717064,Leyte,IFRC,Dagami,Talinhugon,7,7,,0,,,0,,,,,,
PH083700000,PH083717000,PH083717065,Leyte,IFRC,Dagami,Tuya,1,1,,0,,,0,,,,,,
PH083700000,PH083717000,#N/A,Leyte,IFRC,Dagami,Lobe lobe East,30,30,,0,,,0,,,,,,
PH083700000,PH083717000,#N/A,Leyte,IFRC,Dagami,Tinao,26,26,,0,,,0,0,0,0,,,
PH083700000,PH083717000,#N/A,Leyte,IFRC,Dagami,Camonoan,16,16,,0,,0,0,,,,,0,
PH083700000,PH083718000,PH083718004,Leyte,German Red Cross,Dulag,Batug,0,0,,0,,,0,,,,,,
PH083700000,PH083718000,PH083718006,Leyte,German Red Cross,Dulag,Cabacungan,0,0,,0,,,0,,,,,,
PH083700000,PH083718000,PH083718008,Leyte,German Red Cross,Dulag,Cabato-an,0,0,,0,,,0,,,,,,
PH083700000,PH083718000,PH083718019,Leyte,German Red Cross,Dulag,Luan,0,0,,0,,,0,,,,,,
PH083700000,PH083718000,PH083718022,Leyte,German Red Cross,Dulag,Barbo (Pob.),0,0,,0,,,0,,,,,,
PH083700000,PH083718000,PH083718023,Leyte,German Red Cross,Dulag,Buntay (Pob.),0,0,,0,,,0,,,,,,
PH083700000,PH083718000,PH083718025,Leyte,German Red Cross,Dulag,Candao (Pob.),0,0,,0,,,0,,,,,,
PH083700000,PH083718000,PH083718027,Leyte,German Red Cross,Dulag,Combis (Pob.),0,0,,0,,,0,,,,,,
PH083700000,PH083718000,PH083718032,Leyte,German Red Cross,Dulag,Sungi (Pob.),0,0,,0,,,0,,,,,,
PH083700000,PH083718000,PH083718034,Leyte,German Red Cross,Dulag,Rizal,26,26,0,0,,,0,0,0,0,,0,
PH083700000,PH083718000,PH083718037,Leyte,German Red Cross,Dulag,Salvacion,64,64,,0,,0,0,0,0,,,0,
PH083700000,PH083718000,PH083718042,Leyte,German Red Cross,Dulag,San Rafael,69,69,,,,,,,0,,,,
PH083700000,PH083718000,PH083718044,Leyte,German Red Cross,Dulag,Tabu,5,5,,0,,,0,,0,,,,
PH083700000,PH083722000,PH083722002,Leyte,Netherlands Red Cross,Isabel,Antipolo,20,20,,0,,,0,,0,,,,
PH083700000,PH083722000,PH083722004,Leyte,Netherlands Red Cross,Isabel,Bantigue,29,29,,,,,,,0,,,,
PH083700000,PH083722000,PH083722007,Leyte,Netherlands Red Cross,Isabel,Can-andan,14,14,,,,0,0,,0,,,0,
PH083700000,PH083722000,PH083722008,Leyte,Netherlands Red Cross,Isabel,Cangag,23,23,,0,,,0,,0,,,,
PH083700000,PH083722000,PH083722009,Leyte,Netherlands Red Cross,Isabel,Consolacion,24,24,,0,,0,0,0,0,,,0,
PH083700000,PH083722000,PH083722015,Leyte,Netherlands Red Cross,Isabel,Monte Alegre,29,29,,0,,0,0,,0,,,0,
PH083700000,PH083722000,PH083722018,Leyte,Netherlands Red Cross,Isabel,San Francisco,31,31,,0,,0,0,,0,,,0,
PH083700000,PH083722000,#N/A,Leyte,Netherlands Red Cross,Isabel,Putting Bato,31,31,,0,,0,0,,0,,,0,
PH083700000,PH083725000,PH083725002,Leyte,German Red Cross,Julita,Anibong,24,24,,0,,0,0,,,,,0,
PH083700000,PH083725000,PH083725015,Leyte,German Red Cross,Julita,Hindang,55,55,,0,,0,0,,,,,0,
PH083700000,PH083725000,PH083725016,Leyte,German Red Cross,Julita,Inawangan,43,43,,0,,,0,,,,,,
PH083700000,PH083725000,PH083725023,Leyte,German Red Cross,Julita,San Pablo,15,15,0,0,,,0,0,0,0,,0,
PH083700000,PH083728000,PH083728005,Leyte,IFRC,La Paz,Buracan,0,0,,0,,0,0,,,,,0,
PH083700000,PH083728000,PH083728035,Leyte,IFRC,La Paz,Tarugan,5,5,,0,,0,0,,,,,0,
PH083700000,PH083728000,#N/A,Leyte,IFRC,La Paz,Model House,1,1,,,,,,,0,,,,
PH083700000,PH083730000,PH083730002,Leyte,American Red Cross,Macarthur,Burabod,12,12,,0,,65,1,0,0,,,0,
PH083700000,PH083730000,PH083730007,Leyte,American Red Cross,Macarthur,Danao,9,9,,0,,128,0,0,0,,,4,
PH083700000,PH083730000,PH083730009,Leyte,American Red Cross,Macarthur,Kiling,0,0,,,,76,1,0,,,,0,
PH083700000,PH083730000,PH083730010,Leyte,American Red Cross,Macarthur,Lanawan,0,0,,,,75,1,0,,,,0,
PH083700000,PH083730000,PH083730013,Leyte,American Red Cross,Macarthur,Oguisan,0,0,,,,31,0,,,,,0,
PH083700000,PH083730000,PH083730024,Leyte,American Red Cross,Macarthur,San Antonio,1,1,,,,121,1,0,0,,,0,
PH083700000,PH083730000,PH083730025,Leyte,American Red Cross,Macarthur,San Isidro,3,3,,0,,60,1,0,0,,,0,
PH083700000,PH083730000,PH083730028,Leyte,American Red Cross,Macarthur,Santa Isabel,0,0,,,,112,0,,,,,0,
PH083700000,PH083730000,PH083730032,Leyte,American Red Cross,Macarthur,Villa Imelda,5,5,,0,,48,0,0,0,,,0,
PH083700000,PH083735000,PH083735003,Leyte,American Red Cross,Mayorga,Burgos,0,0,,0,,136,1,0,,,,0,
PH083700000,PH083735000,PH083735012,Leyte,American Red Cross,Mayorga,San Roque,8,8,,0,,200,1,0,0,,,0,
PH083700000,PH083735000,PH083735014,Leyte,American Red Cross,Mayorga,Talisay,6,6,,,,131,1,0,0,,,0,
PH083700000,PH083735000,PH083735015,Leyte,American Red Cross,Mayorga,Union,8,8,,0,,288,1,0,0,0,,0,
PH083700000,PH083735000,PH083735016,Leyte,American Red Cross,Mayorga,Wilson,1,1,,,,129,1,0,,,,0,
PH083700000,PH083736000,PH083736004,Leyte,Netherlands Red Cross,Merida,Calunasan,25,25,,0,,0,0,0,0,,,0,
PH083700000,PH083736000,PH083736005,Leyte,Netherlands Red Cross,Merida,Cambalong,19,19,,0,,,0,,0,,,,
PH083700000,PH083736000,PH083736013,Leyte,Netherlands Red Cross,Merida,Lundag,0,0,,,,,,,0,,,,
PH083700000,PH083736000,PH083736014,Leyte,Netherlands Red Cross,Merida,Mahalit,15,15,,,,0,0,0,0,,,0,
PH083700000,PH083736000,PH083736020,Leyte,Netherlands Red Cross,Merida,San Jose,17,17,,0,,0,0,0,0,,,0,
PH083700000,PH083736000,PH083736022,Leyte,Netherlands Red Cross,Merida,Tubod,29,29,,0,,0,0,0,0,,,0,
PH083700000,PH083736000,PH083736023,Leyte,Netherlands Red Cross,Merida,Mat-e,5,5,,,,,,,0,,,,
PH083700000,PH083736000,#N/A,Leyte,Netherlands Red Cross,Merida,Caunzo,18,18,,0,,0,0,0,0,,,0,
PH083700000,PH083738000,PH083738006,Leyte,Swiss Red Cross,Ormoc City,Biliboy,11,9,,8,,,,,,,,,
PH083700000,PH083738000,PH083738007,Leyte,Swiss Red Cross,Ormoc City,Borok,18,17,,22,,,,,,,,,
PH083700000,PH083738000,PH083738063,Leyte,Swiss Red Cross,Ormoc City,Magaswi,7,6,,6,,,,,,,,,
PH083700000,PH083738000,PH083738065,Leyte,Swiss Red Cross,Ormoc City,Mahayahay,20,19,,6,,0,0,,0,0,,0,
PH083700000,PH083738000,PH083738068,Leyte,Swiss Red Cross,Ormoc City,Mas-in,47,43,,18,,0,0,,,0,,0,
PH083700000,PH083738000,PH083738077,Leyte,Swiss Red Cross,Ormoc City,"Quezon, Jr.",28,24,,11,,0,0,,0,0,,0,
PH083700000,PH083738000,PH083738093,Leyte,Swiss Red Cross,Ormoc City,Cabintan,20,20,,19,,,,,,,,,
PH083700000,PH083738000,PH083738110,Leyte,Swiss Red Cross,Ormoc City,Bayog,23,21,,11,,0,0,,0,0,,0,
PH083700000,PH083738000,#N/A,Leyte,Swiss Red Cross,Ormoc City,RM Tan,32,28,,16,,0,0,,,0,,0,
PH083700000,PH083738000,#N/A,Leyte,Swiss Red Cross,Ormoc City,Boroc,0,1,,,,,,,,,,,
PH083700000,PH083739000,#N/A,Leyte,IFRC,Palo,Model House,1,1,,,,,,,0,,,,
PH083700000,PH083741000,#N/A,Leyte,IFRC,Pastrana,Model House,1,1,,,,,,,0,,,,
PH083700000,PH083742000,PH083742013,Leyte,Australian Red Cross,San Isidro,Hacienda Maria,,,,163,,,,,,,,,
PH083700000,PH083742000,PH083742014,Leyte,Australian Red Cross,San Isidro,Linao,0,0,,13,,0,0,,,,,0,
PH083700000,PH083742000,PH083742018,Leyte,Australian Red Cross,San Isidro,San Jose,,,,11,,,,,,,,,
PH083700000,PH083742000,PH083742022,Leyte,Australian Red Cross,San Isidro,San Miguel,2,2,,,,0,0,,,,,0,
PH083700000,PH083742000,#N/A,Leyte,Australian Red Cross,San Isidro,Crossing,2,2,,,,,,,0,,,,
PH083700000,PH083742000,#N/A,Leyte,Australian Red Cross,San Isidro,Capi?ahan,21,21,,,,0,0,,,,,0,
PH083700000,PH083743000,PH083743004,Leyte,IFRC,San Miguel,Cabatianuhan,74,74,,0,,0,0,,,,,0,
PH083700000,PH083743000,PH083743005,Leyte,IFRC,San Miguel,Canap,28,28,,,,,,,0,,,,
PH083700000,PH083743000,PH083743007,Leyte,IFRC,San Miguel,Caraycaray,17,17,,,,,,,0,,,,
PH083700000,PH083743000,PH083743010,Leyte,IFRC,San Miguel,Guinciaman,31,31,,0,,0,0,0,0,,,0,
PH083700000,PH083743000,PH083743011,Leyte,IFRC,San Miguel,Impo,10,10,,0,,0,0,,,,,0,
PH083700000,PH083743000,PH083743012,Leyte,IFRC,San Miguel,Kinalumsan,8,8,,,,0,0,0,0,,,0,
PH083700000,PH083743000,PH083743018,Leyte,IFRC,San Miguel,Patong,15,15,,,,,,,0,,,,
PH083700000,PH083743000,PH083743020,Leyte,IFRC,San Miguel,San Andres,24,24,,,,0,0,,,,,0,
PH083700000,PH083743000,PH083743022,Leyte,IFRC,San Miguel,Santol,3,3,,0,,0,0,,,,,0,
PH083700000,PH083745000,PH083745009,Leyte,Australian Red Cross,Tabango,Manlawaan,10,10,,0,,0,0,,,,,0,
PH083700000,PH083745000,PH083745011,Leyte,Australian Red Cross,Tabango,Poblacion,2,2,,,,,,,0,,,,
PH083700000,PH083746000,PH083746001,Leyte,IFRC,Tabontabon,Amandangay,29,29,,,,,0,0,0,0,,,
PH083700000,PH083746000,PH083746003,Leyte,IFRC,Tabontabon,Balingasag,11,11,,,,0,0,0,0,,,0,
PH083700000,PH083746000,PH083746004,Leyte,IFRC,Tabontabon,Belisong,172,172,,0,,0,0,,,,,0,
PH083700000,PH083746000,PH083746005,Leyte,IFRC,Tabontabon,Cambucao,11,11,,,,0,0,0,0,,,0,
PH083700000,PH083746000,PH083746006,Leyte,IFRC,Tabontabon,Capahuan,11,11,,0,,,0,,0,,,,0
PH083700000,PH083746000,PH083746008,Leyte,IFRC,Tabontabon,Jabong,86,86,,0,,0,0,,,,,0,
PH083700000,PH083746000,PH083746010,Leyte,IFRC,Tabontabon,Mering,0,0,,0,,,0,,0,,,,0
PH083700000,PH083746000,PH083746011,Leyte,IFRC,Tabontabon,Mohon,0,0,,0,,,0,,0,,,,
PH083700000,PH083746000,PH083746013,Leyte,IFRC,Tabontabon,District I Pob. (Quezon),92,92,,0,,,0,0,0,0,,,0
PH083700000,PH083746000,PH083746014,Leyte,IFRC,Tabontabon,District II Pob. (Rizal),76,76,0,0,,,0,0,0,0,,0,
PH083700000,PH083746000,PH083746015,Leyte,IFRC,Tabontabon,District III Pob. (Bonifacio),69,69,,0,,,0,0,0,0,,,
PH083700000,PH083746000,PH083746016,Leyte,IFRC,Tabontabon,District IV Pob. (Macarthur),30,30,0,0,,,0,0,0,0,,0,0
PH083700000,PH083746000,PH083746017,Leyte,IFRC,Tabontabon,San Pablo (Mooc),64,64,,0,,0,0,,0,,,0,
PH083700000,PH083746000,#N/A,Leyte,IFRC,Tabontabon,Mercaduhay,72,72,,0,,0,0,0,0,,,0,
PH083700000,PH083746000,#N/A,Leyte,IFRC,Tabontabon,Guingauan,14,14,,0,,0,0,,,,,0,
PH083700000,PH083747000,PH083747022,Leyte,American Red Cross,Tacloban City (Capital),Barangay 103-A (San Paglaum),9,9,,0,,65,1,0,0,0,,0,
PH083700000,PH083747000,PH083747061,Leyte,American Red Cross,Tacloban City (Capital),Barangay 37-A,0,0,,0,,260,1,0,,,,0,
PH083700000,PH083747000,PH083747095,Leyte,American Red Cross,Tacloban City (Capital),Barangay 65,,,,,,,,,,,,,
PH083700000,PH083747000,PH083747110,Leyte,American Red Cross,Tacloban City (Capital),Barangay 79 (Marasbaras),1,1,,0,,380,1,0,,,,0,
PH083700000,PH083747000,PH083747127,Leyte,Australian DFAT,Tacloban City (Capital),Barangay 93 (Bagacay),100,100,,0,,0,0,0,0,0,,0,
PH083700000,PH083747000,PH083747151,Leyte,American Red Cross,Tacloban City (Capital),Barangay 83-C (San Jose),0,0,,,,574,0,0,,,,0,
PH083700000,PH083747000,#N/A,Leyte,PRC-Citibank,Tacloban City (Capital),Calanipawan,10,10,,0,,0,1,,,,,0,
PH083700000,PH083749000,PH083749001,Leyte,Spanish Red Cross,Tolosa,Burak,1,1,,,,,0,0,0,0,,,
PH083700000,PH083749000,PH083749002,Leyte,Spanish Red Cross,Tolosa,Canmogsay,0,0,,,,,1,1,1,0,,,
PH083700000,PH083749000,PH083749004,Leyte,Spanish Red Cross,Tolosa,Capangihan,0,0,,,,,1,1,1,0,,,
PH083700000,PH083749000,PH083749005,Leyte,Spanish Red Cross,Tolosa,Malbog,0,0,,,,,1,1,1,0,,,
PH083700000,PH083749000,PH083749007,Leyte,Spanish Red Cross,Tolosa,Opong,38,38,,0,,0,0,1,1,0,,0,
PH083700000,PH083749000,PH083749008,Leyte,Spanish Red Cross,Tolosa,Poblacion,2,2,,,,,0,0,,0,,,
PH083700000,PH083749000,PH083749010,Leyte,Spanish Red Cross,Tolosa,San Roque,3,3,,,,,1,1,1,0,,,
PH083700000,PH083749000,PH083749011,Leyte,Spanish Red Cross,Tolosa,San Vicente,48,48,,0,,0,1,1,1,0,,0,
PH083700000,PH083749000,PH083749012,Leyte,Spanish Red Cross,Tolosa,Tanghas,1,1,,,,,1,1,1,0,,,
PH083700000,PH083749000,PH083749015,Leyte,Spanish Red Cross,Tolosa,Imelda,0,0,,,,,0,1,1,0,,,
PH083700000,PH083749000,#N/A,Leyte,Spanish Red Cross,Tolosa,Dona Brigida,9,9,,,,,0,0,,0,,,
PH083700000,#N/A,#N/A,Leyte,Qatar Red Crescent Societies,Tacloban City,Abucay,18,18,,,,0,0,0,0,,,0,
PH083700000,#N/A,#N/A,Leyte,Qatar Red Crescent Societies,Tacloban City,Apitong,23,23,,,,0,0,0,0,,,0,
PH083700000,#N/A,#N/A,Leyte,Qatar Red Crescent Societies,Tacloban City,Cabalawan,0,0,,,,,,,0,,,,
PH083700000,#N/A,#N/A,Leyte,Qatar Red Crescent Societies,Tacloban City,Camansihay,0,0,,,,,,,0,,,,
PH083700000,#N/A,#N/A,Leyte,Qatar Red Crescent Societies,Tacloban City,Diit,67,67,,,,0,0,0,0,,,0,
PH083700000,#N/A,#N/A,Leyte,Qatar Red Crescent Societies,Tacloban City,New Kawayan,0,0,,,,,,,0,,,,
PH083700000,#N/A,#N/A,Leyte,Qatar Red Crescent Societies,Tacloban City,San Isidro,0,0,,,,,,,0,,,,
PH083700000,#N/A,#N/A,Leyte,Qatar Red Crescent Societies,Tacloban City,Sta. Elena,0,0,,,,,,,0,,,,
PH083700000,#N/A,#N/A,Leyte,Qatar Red Crescent Societies,Tacloban City,Tagporo,0,0,,,,,,,0,,,,
PH083700000,#N/A,#N/A,Leyte,Qatar Red Crescent Societies,Tacloban City,Tigbao,4,4,,,,0,0,0,0,,,0,
PH086000000,PH086002000,PH086002002,Samar (Western Samar),German Red Cross,Basey,Anglit,77,62,,,,0,,0,0,,,,
PH086000000,PH086002000,PH086002005,Samar (Western Samar),German Red Cross,Basey,Basiao,148,148,,,,0,,0,0,,,0,
PH086000000,PH086002000,PH086002005,Samar (Western Samar),Spanish Red Cross,Basey,Basiao,50,50,,,,0,,0,0,,,,
PH086000000,PH086002000,PH086002010,Samar (Western Samar),ICRC,Basey,Cancaiyas,22,22,,,,76,,,,,,0,
PH086000000,PH086002000,PH086002011,Samar (Western Samar),Australian Red Cross,Basey,Canmanila,0,0,,,,0,1,1,1,,,,
PH086000000,PH086002000,PH086002011,Samar (Western Samar),ICRC,Basey,Canmanila,47,47,,,,69,,0,0,,,0,
PH086000000,PH086002000,PH086002012,Samar (Western Samar),Spanish Red Cross,Basey,Catadman,85,85,,,,0,,0,,,,,
PH086000000,PH086002000,PH086002013,Samar (Western Samar),ICRC,Basey,Cogon,67,67,,,,123,,0,0,,,0,
PH086000000,PH086002000,PH086002015,Samar (Western Samar),ICRC,Basey,Guintigui-an,32,32,,,,39,,0,0,,,0,
PH086000000,PH086002000,PH086002016,Samar (Western Samar),Australian Red Cross,Basey,Guirang,0,0,,,,0,1,1,1,,,,
PH086000000,PH086002000,PH086002016,Samar (Western Samar),ICRC,Basey,Guirang,39,39,,,,103,,0,0,,,0,
PH086000000,PH086002000,PH086002017,Samar (Western Samar),ICRC,Basey,Balante,27,27,,,,85,,0,0,,,0,
PH086000000,PH086002000,PH086002019,Samar (Western Samar),Australian Red Cross,Basey,Inuntan,0,0,,,,0,1,1,1,,,,
PH086000000,PH086002000,PH086002019,Samar (Western Samar),ICRC,Basey,Inuntan,10,10,,,,23,,0,0,,,0,
PH086000000,PH086002000,PH086002021,Samar (Western Samar),ICRC,Basey,Loog,43,43,,,,168,,0,0,,,,
PH086000000,PH086002000,PH086002022,Samar (Western Samar),Australian Red Cross,Basey,Mabini,0,0,,,,0,2,2,2,,,,
PH086000000,PH086002000,PH086002022,Samar (Western Samar),ICRC,Basey,Mabini,57,57,,,,171,,0,0,,,0,
PH086000000,PH086002000,PH086002023,Samar (Western Samar),Spanish Red Cross,Basey,Magallanes,96,96,,,,0,,,,,,,
PH086000000,PH086002000,PH086002025,Samar (Western Samar),ICRC,Basey,Del Pilar,34,34,,,,140,,0,0,,,0,
PH086000000,PH086002000,PH086002026,Samar (Western Samar),Australian Red Cross,Basey,May-it,0,0,,,,0,1,1,1,,,,
PH086000000,PH086002000,PH086002027,Samar (Western Samar),ICRC,Basey,Mongabong,19,19,,,,42,,0,0,,,0,
PH086000000,PH086002000,PH086002028,Samar (Western Samar),ICRC,Basey,New San Agustin,27,27,,,,52,,,,,,0,
PH086000000,PH086002000,PH086002041,Samar (Western Samar),ICRC,Basey,Roxas,46,46,,,,68,,0,0,,,0,
PH086000000,PH086002000,PH086002045,Samar (Western Samar),Spanish Red Cross,Basey,Serum,100,100,,,,0,,,,,,,
PH086000000,PH086002000,PH086002046,Samar (Western Samar),Australian Red Cross,Basey,Sugca,0,0,,,,0,1,1,1,,,,
PH086000000,PH086002000,PH086002047,Samar (Western Samar),Australian Red Cross,Basey,Sugponon,0,0,,,,0,1,1,1,,,,
PH086000000,PH086002000,PH086002048,Samar (Western Samar),Australian Red Cross,Basey,Tinaogan,0,0,,,,0,1,1,1,,,,
PH086000000,PH086002000,PH086002048,Samar (Western Samar),Spanish Red Cross,Basey,Tinaogan,24,24,,,,0,,,,,,0,
PH086000000,PH086002000,PH086002049,Samar (Western Samar),Spanish Red Cross,Basey,Tingib,135,135,,,,0,,,,,,0,
PH086000000,PH086002000,PH086002050,Samar (Western Samar),ICRC,Basey,Villa Aurora,23,23,,,,290,,0,0,,,0,
PH086000000,PH086002000,PH086002051,Samar (Western Samar),Australian Red Cross,Basey,Binongtu-an,0,0,,,,0,1,1,1,,,,
PH086000000,PH086002000,PH086002052,Samar (Western Samar),ICRC,Basey,Bulao,62,62,,,,177,,0,0,,,0,
PH086000000,PH086002000,#N/A,Samar (Western Samar),German Red Cross,Basey,Balud,150,150,,,,0,,0,0,,,,
PH086000000,PH086002000,#N/A,Samar (Western Samar),Spanish Red Cross,Basey,Amandayahen,109,109,,,,0,,,,,,0,
PH086000000,PH086002000,#N/A,Samar (Western Samar),Spanish Red Cross,Basey,Loyo,0,0,,,,0,,,,,,1,
PH086000000,PH086002000,#N/A,Samar (Western Samar),Spanish Red Cross,Basey,San Fernando,95,95,,,,0,,0,,,,,
PH086000000,PH086010000,PH086010006,Samar (Western Samar),ICRC,Marabut,Logero,44,44,,,,0,,0,0,,,0,
PH086000000,PH086010000,PH086010008,Samar (Western Samar),ICRC,Marabut,Pinalanga,58,58,,,,0,,0,0,,,0,
PH086000000,PH086010000,PH086010013,Samar (Western Samar),ICRC,Marabut,Tagalag,65,65,,,,0,,0,0,,,0,
PH086000000,PH086010000,PH086010014,Samar (Western Samar),ICRC,Marabut,Tinabanan,96,96,,,,0,,0,0,,,0,
PH086000000,PH086010000,PH086010018,Samar (Western Samar),ICRC,Marabut,Mabuhay,44,44,,,,0,,0,0,,,,
PH086000000,PH086010000,PH086010020,Samar (Western Samar),Spanish Red Cross,Marabut,Odoc,10,10,,,,0,,,,,,,
PH086000000,PH086010000,PH086010021,Samar (Western Samar),ICRC,Marabut,Panan-awan,75,75,,,,0,,0,0,,,0,
PH086000000,PH086010000,PH086010024,Samar (Western Samar),Spanish Red Cross,Marabut,Veloso,67,67,,,,0,,,,,,,
PH086000000,PH086010000,#N/A,Samar (Western Samar),ICRC,Marabut,Catato,2,2,,,,0,,0,0,,,0,
PH086000000,PH086010000,#N/A,Samar (Western Samar),ICRC,Marabut,Rono,15,15,,,,0,,0,0,,,0,
PH086000000,PH086010000,#N/A,Samar (Western Samar),ICRC,Marabut,Santo Niño,15,15,,,,0,,0,0,,,,
PH086000000,PH086010000,#N/A,Samar (Western Samar),ICRC,Marabut,Sitio 22 (Tinabanan),64,64,,,,0,,0,0,,,0,
PH086000000,PH086010000,#N/A,Samar (Western Samar),Spanish Red Cross,Marabut,Pinamitinan,19,19,,,,0,,,,,,,
PH175300000,PH175307000,PH175307001,Palawan,Bahrain Red Crescent,Busuanga,Bogtong,3,3,,,,,,,,,,,
PH175300000,PH175307000,PH175307001,Palawan,Swiss Red Cross,Busuanga,Bogtong,0,0,,2,,,,,,,,,
PH175300000,PH175307000,PH175307006,Palawan,Swiss Red Cross,Busuanga,Maglalambay,0,0,,2,,,,,,,,,
PH175300000,PH175307000,PH175307013,Palawan,Swiss Red Cross,Busuanga,San Isidro,0,0,,2,,,,,,,,,
PH175300000,PH175307000,PH175307014,Palawan,Swiss Red Cross,Busuanga,San Rafael,0,0,,2,,,,,,,,,
PH175300000,PH175309000,PH175309006,Palawan,Swiss Red Cross,Coron,Cabugao,2,0,,3,,,,,,,,,
PH175300000,PH175309000,PH175309009,Palawan,Swiss Red Cross,Coron,Decalachao,5,6,,2,,,,,,,,,
Grand Total,,,,,,,13075,12595,4,1726,553,26062,89,38,25,256,4519,44,0
