Admin2,Admin3,Admin4,Province,Partner,Municipality,Barangay,Shelter Repair Beneficiaries Selected,First Distribution,Second Distribution,CGI,Shelter Repair Closeout / Completed,Core Shelter Beneficiaries Selected,Relocation Beneficiaries Selected,Construction Started (Core + Relocation),Wooden Shelter (Core Shelter),Half Concrete (Core Shelter),Relocation Completed,Training- Skilled Labour
PH060400000,PH060402000,PH060402001,Aklan,Spanish Red Cross,Balete,Aranas,262,262,262,262,262,117,0,87,80,0,0,27
PH060400000,PH060402000,PH060402002,Aklan,Spanish Red Cross,Balete,Arcangel,203,206,206,206,203,83,0,58,57,0,0,25
PH060400000,PH060402000,PH060402004,Aklan,Spanish Red Cross,Balete,Calizo,272,272,270,272,270,123,0,71,63,0,0,39
PH060400000,PH060402000,PH060402005,Aklan,Spanish Red Cross,Balete,Cortes,161,163,163,163,163,93,0,93,91,0,0,37
PH060400000,PH060402000,PH060402006,Aklan,Spanish Red Cross,Balete,Feliciano,179,179,179,179,179,79,0,34,32,0,0,34
PH060400000,PH060402000,PH060402007,Aklan,Spanish Red Cross,Balete,Fulgencio,199,199,198,199,198,93,0,41,40,0,0,29
PH060400000,PH060402000,PH060402008,Aklan,Spanish Red Cross,Balete,Guanko,94,94,94,94,94,38,0,40,40,0,0,23
PH060400000,PH060402000,PH060402009,Aklan,Spanish Red Cross,Balete,Morales,222,223,223,223,221,88,0,57,57,0,0,65
PH060400000,PH060402000,PH060402010,Aklan,Spanish Red Cross,Balete,Oquendo,89,89,88,89,88,28,0,29,28,0,0,10
PH060400000,PH060402000,PH060402011,Aklan,Spanish Red Cross,Balete,Poblacion,20,20,20,20,20,6,,3,3,0,,0
PH060400000,PH060403000,PH060403001,Aklan,IFRC,Banga,Agbanawan,62,61,61,61,61,0,0,0,0,0,0,
PH060400000,PH060403000,PH060403002,Aklan,IFRC,Banga,Bacan,26,25,25,25,25,5,0,4,0,4,0,
PH060400000,PH060403000,PH060403003,Aklan,IFRC,Banga,Badiangan,96,38,35,38,35,3,0,3,0,3,0,
PH060400000,PH060403000,PH060403004,Aklan,IFRC,Banga,Cerrudo,49,48,46,48,46,2,0,2,0,2,0,0
PH060400000,PH060403000,PH060403005,Aklan,IFRC,Banga,Cupang,15,15,15,15,15,0,0,0,0,0,0,
PH060400000,PH060403000,PH060403006,Aklan,IFRC,Banga,Daguitan,31,31,31,31,31,3,0,3,0,3,0,
PH060400000,PH060403000,PH060403007,Aklan,IFRC,Banga,Daja Norte,71,70,69,70,69,0,0,0,0,0,0,0
PH060400000,PH060403000,PH060403008,Aklan,IFRC,Banga,Daja Sur,84,84,84,84,84,,,,,,,
PH060400000,PH060403000,PH060403009,Aklan,IFRC,Banga,Dingle,41,41,41,41,41,9,0,9,0,9,0,
PH060400000,PH060403000,PH060403010,Aklan,IFRC,Banga,Jumarap,44,31,31,31,31,0,0,0,0,0,0,0
PH060400000,PH060403000,PH060403011,Aklan,IFRC,Banga,Lapnag,29,29,29,29,29,0,0,0,0,0,0,
PH060400000,PH060403000,PH060403012,Aklan,IFRC,Banga,Libas,57,57,57,57,57,10,0,10,0,10,0,
PH060400000,PH060403000,PH060403014,Aklan,IFRC,Banga,Mambog,75,75,75,75,75,3,,3,0,3,,
PH060400000,PH060403000,PH060403015,Aklan,IFRC,Banga,Mangan,17,17,16,17,16,6,0,6,0,6,0,
PH060400000,PH060403000,PH060403016,Aklan,IFRC,Banga,Muguing,25,25,25,25,25,3,,3,0,3,,
PH060400000,PH060403000,PH060403017,Aklan,IFRC,Banga,Pagsanghan,17,17,17,17,17,5,0,5,0,5,0,
PH060400000,PH060403000,PH060403018,Aklan,IFRC,Banga,Palale,23,21,19,21,19,0,0,0,0,0,0,0
PH060400000,PH060403000,PH060403020,Aklan,IFRC,Banga,Polo,76,76,76,76,76,2,0,2,0,2,0,
PH060400000,PH060403000,PH060403021,Aklan,IFRC,Banga,Polocate,115,114,113,114,113,2,0,2,0,2,0,
PH060400000,PH060403000,PH060403022,Aklan,IFRC,Banga,San Isidro,12,9,9,9,9,0,0,0,0,0,0,
PH060400000,PH060403000,PH060403023,Aklan,IFRC,Banga,Sibalew,117,116,112,116,112,0,0,0,0,0,0,
PH060400000,PH060403000,PH060403024,Aklan,IFRC,Banga,Sigcay,57,51,50,53,50,0,0,0,0,0,0,
PH060400000,PH060403000,PH060403025,Aklan,IFRC,Banga,Taba-ao,31,29,29,29,29,0,0,0,0,0,0,
PH060400000,PH060403000,PH060403026,Aklan,IFRC,Banga,Tabayon,41,41,41,41,41,11,0,12,0,12,0,
PH060400000,PH060403000,PH060403027,Aklan,IFRC,Banga,Tinapuay,36,36,36,36,36,,,,,,,
PH060400000,PH060403000,PH060403028,Aklan,IFRC,Banga,Torralba,33,32,30,32,30,0,0,0,0,0,0,
PH060400000,PH060403000,PH060403029,Aklan,IFRC,Banga,Ugsod,55,55,54,55,54,0,0,0,0,0,0,
PH060400000,PH060403000,PH060403030,Aklan,IFRC,Banga,Venturanza,43,41,41,41,41,14,0,14,0,14,0,
PH060400000,PH060408000,PH060408001,Aklan,Air Asia,Lezo,Agcawilan,0,0,0,0,0,28,,28,0,28,,24
PH060400000,PH060408000,PH060408002,Aklan,Air Asia,Lezo,Bagto,0,,,,0,6,,6,0,6,,
PH060400000,PH060408000,PH060408003,Aklan,Air Asia,Lezo,Bugasongan,0,,,,0,3,,3,0,3,,
PH060400000,PH060408000,PH060408004,Aklan,Air Asia,Lezo,Carugdog,0,0,0,0,0,20,0,20,0,20,0,32
PH060400000,PH060408000,PH060408005,Aklan,Air Asia,Lezo,Cogon,0,,,,,11,,8,0,8,,40
PH060400000,PH060408000,PH060408006,Aklan,Air Asia,Lezo,Ibao,,,,,,21,,21,0,21,,24
PH060400000,PH060408000,PH060408007,Aklan,Air Asia,Lezo,Mina,0,0,0,0,0,9,,9,0,9,,0
PH060400000,PH060408000,PH060408008,Aklan,Air Asia,Lezo,Poblacion,0,0,0,0,0,12,,10,0,10,,0
PH060400000,PH060408000,PH060408010,Aklan,Air Asia,Lezo,Santa Cruz Bigaa,0,0,0,0,0,9,,9,0,9,,
PH060400000,PH060408000,PH060408011,Aklan,Air Asia,Lezo,Silakat-Nonok,0,0,0,0,0,20,,20,0,20,,24
PH060400000,PH060408000,PH060408012,Aklan,Air Asia,Lezo,Tayhawan,0,0,0,0,0,16,,16,0,16,,30
PH060400000,PH060409000,PH060409001,Aklan,Finnish Red Cross,Libacao,Agmailig,41,41,40,0,40,0,0,0,0,0,0,0
PH060400000,PH060409000,PH060409002,Aklan,Finnish Red Cross,Libacao,Alfonso XII,61,61,61,0,61,0,,0,0,,,0
PH060400000,PH060409000,PH060409003,Aklan,Finnish Red Cross,Libacao,Batobato,42,42,42,0,42,0,0,0,0,0,0,0
PH060400000,PH060409000,PH060409004,Aklan,Finnish Red Cross,Libacao,Bonza,22,22,21,0,21,0,0,0,0,0,0,0
PH060400000,PH060409000,PH060409005,Aklan,Finnish Red Cross,Libacao,Calacabian,25,25,25,,25,,,,,,,
PH060400000,PH060409000,PH060409006,Aklan,Air Asia,Libacao,Calamcan,0,0,0,0,0,6,,0,0,0,,0
PH060400000,PH060409000,,Aklan,Finnish Red Cross,Libacao,Calamcan,53,53,52,0,52,0,,0,0,,,0
PH060400000,PH060409000,PH060409007,Aklan,Finnish Red Cross,Libacao,Can-Awan,16,16,15,0,15,0,0,0,0,0,0,0
PH060400000,PH060409000,PH060409008,Aklan,Finnish Red Cross,Libacao,Casit-an,15,15,15,,15,,,,,,,
PH060400000,PH060409000,PH060409010,Aklan,Air Asia,Libacao,Guadalupe,0,,,,,14,,0,0,,,0
PH060400000,PH060409000,,Aklan,Finnish Red Cross,Libacao,Guadalupe,112,112,111,0,111,0,0,0,0,0,0,0
PH060400000,PH060409000,PH060409011,Aklan,Air Asia,Libacao,Janlud,0,,,,,6,,0,0,,,0
PH060400000,PH060409000,,Aklan,Finnish Red Cross,Libacao,Janlud,38,38,38,,38,,,,,,,
PH060400000,PH060409000,PH060409012,Aklan,Air Asia,Libacao,Julita,0,,,,,2,,0,0,,,0
PH060400000,PH060409000,,Aklan,Finnish Red Cross,Libacao,Julita,79,79,79,,79,,,,,,,
PH060400000,PH060409000,PH060409013,Aklan,Finnish Red Cross,Libacao,Luctoga,117,116,114,0,114,0,0,0,0,0,0,0
PH060400000,PH060409000,PH060409014,Aklan,Finnish Red Cross,Libacao,Magugba,61,61,60,0,60,0,0,0,0,0,0,0
PH060400000,PH060409000,PH060409015,Aklan,Finnish Red Cross,Libacao,Manika,160,160,160,,160,,,,,,,
PH060400000,PH060409000,PH060409016,Aklan,Finnish Red Cross,Libacao,Ogsip,40,40,38,0,38,0,0,0,0,0,0,0
PH060400000,PH060409000,PH060409017,Aklan,Finnish Red Cross,Libacao,Ortega,39,39,38,0,38,0,0,0,0,0,0,0
PH060400000,PH060409000,PH060409018,Aklan,Finnish Red Cross,Libacao,Oyang,50,50,50,,50,,,,,,,
PH060400000,PH060409000,PH060409019,Aklan,Finnish Red Cross,Libacao,Pampango,95,95,94,0,94,0,0,0,0,0,0,0
PH060400000,PH060409000,PH060409020,Aklan,Finnish Red Cross,Libacao,Pinonoy,61,61,59,0,59,0,0,0,0,0,0,0
PH060400000,PH060409000,PH060409022,Aklan,Finnish Red Cross,Libacao,Rivera,15,15,15,,15,,,,,,,
PH060400000,PH060409000,PH060409023,Aklan,Finnish Red Cross,Libacao,Rosal,52,52,52,,52,,,,,,,
PH060400000,PH060409000,PH060409024,Aklan,Air Asia,Libacao,Sibalew,0,0,0,0,0,11,,0,0,0,,0
PH060400000,PH060409000,,Aklan,Finnish Red Cross,Libacao,Sibalew,56,56,55,0,55,0,0,0,0,0,0,0
PH060400000,PH060410000,PH060410001,Aklan,Spanish Red Cross,Madalag,Alaminos,53,53,53,53,53,22,0,21,21,0,0,12
PH060400000,PH060410000,PH060410002,Aklan,Spanish Red Cross,Madalag,Alas-as,57,57,57,15,57,17,0,17,17,0,0,14
PH060400000,PH060410000,PH060410003,Aklan,Spanish Red Cross,Madalag,Bacyang,60,60,60,60,60,25,0,25,25,0,0,9
PH060400000,PH060410000,PH060410004,Aklan,Spanish Red Cross,Madalag,Balactasan,10,10,10,2,10,17,0,17,17,0,0,20
PH060400000,PH060410000,PH060410005,Aklan,Spanish Red Cross,Madalag,Cabangahan,19,19,19,19,19,25,0,25,25,0,0,16
PH060400000,PH060410000,PH060410006,Aklan,Spanish Red Cross,Madalag,Cabilawan,18,18,18,18,18,6,0,6,6,0,0,4
PH060400000,PH060410000,PH060410007,Aklan,Spanish Red Cross,Madalag,Catabana,36,36,36,36,36,23,0,17,12,0,0,9
PH060400000,PH060410000,PH060410008,Aklan,Spanish Red Cross,Madalag,Dit-Ana,45,45,45,45,45,22,0,22,22,0,0,22
PH060400000,PH060410000,PH060410009,Aklan,Spanish Red Cross,Madalag,Galicia,15,15,15,15,15,14,0,14,14,0,0,8
PH060400000,PH060410000,PH060410010,Aklan,Spanish Red Cross,Madalag,Guinatu-an,26,26,25,0,25,11,0,11,11,0,0,10
PH060400000,PH060410000,PH060410011,Aklan,Spanish Red Cross,Madalag,Logohon,32,32,32,15,32,15,0,16,15,0,0,13
PH060400000,PH060410000,PH060410012,Aklan,Spanish Red Cross,Madalag,Mamba,48,48,48,48,48,29,0,29,29,0,0,25
PH060400000,PH060410000,PH060410013,Aklan,Spanish Red Cross,Madalag,Maria Cristina,93,93,93,93,93,27,0,20,19,0,0,13
PH060400000,PH060410000,PH060410014,Aklan,Spanish Red Cross,Madalag,Medina,79,79,79,79,79,33,0,33,33,0,0,14
PH060400000,PH060410000,PH060410015,Aklan,Spanish Red Cross,Madalag,Mercedes,53,53,53,53,53,11,0,11,11,0,0,11
PH060400000,PH060410000,PH060410016,Aklan,Spanish Red Cross,Madalag,Napnot,27,27,27,3,27,15,0,15,13,0,0,6
PH060400000,PH060410000,PH060410017,Aklan,Spanish Red Cross,Madalag,Pang-Itan,47,47,47,12,47,15,0,15,15,0,0,11
PH060400000,PH060410000,PH060410018,Aklan,Spanish Red Cross,Madalag,Paningayan,73,73,72,13,72,26,0,26,25,0,0,26
PH060400000,PH060410000,PH060410019,Aklan,Spanish Red Cross,Madalag,Panipiason,61,61,61,61,61,24,0,24,24,0,0,4
PH060400000,PH060410000,PH060410020,Aklan,Spanish Red Cross,Madalag,Poblacion,35,35,33,12,33,34,0,32,29,0,0,4
PH060400000,PH060410000,PH060410021,Aklan,Spanish Red Cross,Madalag,San Jose,66,66,66,33,66,25,0,25,25,0,0,6
PH060400000,PH060410000,PH060410022,Aklan,Spanish Red Cross,Madalag,Singay,15,15,15,6,15,11,0,11,11,0,0,17
PH060400000,PH060410000,PH060410023,Aklan,Spanish Red Cross,Madalag,Talangban,29,29,29,29,29,19,0,19,19,0,0,11
PH060400000,PH060410000,PH060410024,Aklan,Spanish Red Cross,Madalag,Talimagao,16,16,16,16,16,22,0,22,22,0,0,5
PH060400000,PH060410000,PH060410025,Aklan,Spanish Red Cross,Madalag,Tigbawan,39,39,39,11,39,11,0,12,12,0,0,9
PH060400000,PH060413000,PH060413001,Aklan,Air Asia,Malinao,Banaybanay,,,,,,1,,,,,,
PH060400000,PH060413000,PH060413002,Aklan,Air Asia,Malinao,Biga-a,,,,,,2,,,,,,
PH060400000,PH060413000,PH060413003,Aklan,Air Asia,Malinao,Bulabud,,,,,,4,,,,,,
PH060400000,PH060413000,PH060413004,Aklan,Air Asia,Malinao,Cabayugan,,,,,,4,,,,,,
PH060400000,PH060413000,PH060413005,Aklan,Air Asia,Malinao,Capataga,,,,,,1,,,,,,
PH060400000,PH060413000,PH060413006,Aklan,Air Asia,Malinao,Cogon,,,,,,2,,,,,,
PH060400000,PH060413000,PH060413007,Aklan,Air Asia,Malinao,Dangcalan,0,0,0,0,0,4,,0,0,0,,0
PH060400000,PH060413000,PH060413008,Aklan,Air Asia,Malinao,Kinalangay Nuevo,,,,,,0,,,,,,
PH060400000,PH060413000,PH060413009,Aklan,Air Asia,Malinao,Kinalangay Viejo,,,,,,3,,,,,,
PH060400000,PH060413000,PH060413012,Aklan,Air Asia,Malinao,Manhanip,,,,,,2,,,,,,
PH060400000,PH060413000,PH060413016,Aklan,Air Asia,Malinao,Rosario,,,,,,6,,,,,,
PH060400000,PH060413000,PH060413018,Aklan,Air Asia,Malinao,San Ramon,,,,,,7,,,,,,
PH060400000,PH060413000,PH060413019,Aklan,Air Asia,Malinao,San Roque,,,,,,2,,,,,,
PH060400000,PH060413000,PH060413020,Aklan,Air Asia,Malinao,Sipac,0,0,0,0,0,5,,0,0,0,,0
PH060400000,PH060413000,PH060413021,Aklan,Air Asia,Malinao,Sugnod,,,,,,4,,,,,,
PH060400000,PH060413000,PH060413022,Aklan,Air Asia,Malinao,Tambuan,,,,,,5,,,,,,
PH060400000,PH060415000,PH060415001,Aklan,IFRC,New Washington,Candelaria,41,41,41,41,41,22,0,22,0,22,0,33
PH060400000,PH060415000,PH060415002,Aklan,IFRC,New Washington,Cawayan,204,201,194,201,194,37,,37,0,37,,0
PH060400000,PH060415000,PH060415003,Aklan,IFRC,New Washington,Dumaguit,70,69,69,69,69,61,0,61,0,61,0,81
PH060400000,PH060415000,PH060415005,Aklan,IFRC,New Washington,Guinbaliwan,177,176,165,177,165,83,,83,0,83,,33
PH060400000,PH060415000,PH060415006,Aklan,IFRC,New Washington,Jalas,68,68,68,68,68,64,,64,0,64,,84
PH060400000,PH060415000,PH060415007,Aklan,IFRC,New Washington,Jugas,92,89,80,89,80,57,,57,0,57,,30
PH060400000,PH060415000,PH060415008,Aklan,IFRC,New Washington,Lawa-an,41,41,41,41,41,49,,49,0,49,,51
PH060400000,PH060415000,PH060415009,Aklan,IFRC,New Washington,Mabilo,194,194,194,194,194,81,,81,0,81,,144
PH060400000,PH060415000,PH060415011,Aklan,IFRC,New Washington,Ochando,185,185,171,185,171,67,,66,0,66,,0
PH060400000,PH060415000,PH060415012,Aklan,IFRC,New Washington,Pinamuk-an,182,182,181,182,181,0,,0,0,0,,
PH060400000,PH060415000,PH060415014,Aklan,IFRC,New Washington,Polo,204,194,190,194,190,0,,0,0,0,,
PH060400000,PH060415000,PH060415015,Aklan,IFRC,New Washington,Puis,91,90,89,91,89,105,0,105,0,105,0,303
PH060400000,PH060415000,PH060415017,Aklan,IFRC,New Washington,Tambak,182,182,181,182,181,0,,0,0,0,,
PH060400000,PH060416000,PH060416001,Aklan,Air Asia,Numancia,Albasan,,,,,,1,,,,,,
PH060400000,PH060416000,PH060416003,Aklan,Air Asia,Numancia,Badio,,,,,,0,,,,,,
PH060400000,PH060416000,PH060416007,Aklan,Air Asia,Numancia,Camanci Norte,,,,,,17,,,,,,
PH060400000,PH060416000,PH060416008,Aklan,Air Asia,Numancia,Camanci Sur,,,,,,1,,,,,,
PH060400000,PH060416000,PH060416009,Aklan,Air Asia,Numancia,Dongon East,,,,,,6,,,,,,
PH060400000,PH060416000,PH060416010,Aklan,Air Asia,Numancia,Dongon West,,,,,,8,,,,,,
PH060400000,PH060416000,PH060416011,Aklan,Air Asia,Numancia,Joyao-joyao,,,,,,21,,,,,,
PH060400000,PH060416000,PH060416012,Aklan,Air Asia,Numancia,Laguinbanua East,0,0,0,0,0,15,,0,0,0,,0
PH060400000,PH060416000,PH060416013,Aklan,Air Asia,Numancia,Laguinbanua West,,,,,,3,,,,,,
PH060400000,PH060416000,PH060416014,Aklan,Air Asia,Numancia,Marianos,,,,,,1,,,,,,
PH060400000,PH060416000,PH060416018,Aklan,Air Asia,Numancia,Tabangka,0,0,0,0,0,12,,0,0,0,,0
PH060600000,PH060602000,PH060602002,Antique,IFRC,Barbaza,Baghari,42,42,39,42,39,9,0,2,0,2,0,
PH060600000,PH060602000,PH060602003,Antique,IFRC,Barbaza,Bahuyan,53,53,52,53,52,10,,8,,8,,
PH060600000,PH060602000,PH060602004,Antique,IFRC,Barbaza,Beri,108,107,108,108,107,47,0,39,0,39,0,0
PH060600000,PH060602000,PH060602005,Antique,IFRC,Barbaza,Biga-a,47,46,46,47,46,11,,,,,,
PH060600000,PH060602000,PH060602007,Antique,IFRC,Barbaza,Binangbang Centro,51,51,50,51,50,31,0,28,0,28,0,
PH060600000,PH060602000,PH060602008,Antique,IFRC,Barbaza,Binanu-an,50,50,50,50,50,11,,10,0,10,,
PH060600000,PH060602000,PH060602012,Antique,IFRC,Barbaza,Cubay,68,60,60,60,60,34,0,25,0,25,0,0
PH060600000,PH060602000,PH060602013,Antique,IFRC,Barbaza,Esparar,73,72,72,73,72,48,0,28,0,28,0,
PH060600000,PH060602000,PH060602014,Antique,IFRC,Barbaza,Gua,74,71,72,74,71,36,0,18,0,18,0,
PH060600000,PH060602000,PH060602016,Antique,IFRC,Barbaza,Igpalge,86,86,82,86,82,21,,19,,16,,
PH060600000,PH060602000,PH060602018,Antique,IFRC,Barbaza,Embrangga-an,29,29,29,29,29,17,,10,0,10,,
PH060600000,PH060602000,PH060602020,Antique,IFRC,Barbaza,Ipil,53,52,52,53,52,33,0,24,0,24,0,0
PH060600000,PH060602000,PH060602021,Antique,IFRC,Barbaza,Jinalinan,133,133,130,133,130,40,,30,0,19,,
PH060600000,PH060602000,PH060602024,Antique,IFRC,Barbaza,Lisub,91,91,91,91,91,13,0,11,0,11,0,
PH060600000,PH060602000,PH060602026,Antique,IFRC,Barbaza,Mablad,77,77,77,77,77,9,,3,0,3,,
PH060600000,PH060602000,PH060602027,Antique,IFRC,Barbaza,Magtulis,45,45,45,45,45,26,,22,0,22,,
PH060600000,PH060602000,PH060602030,Antique,IFRC,Barbaza,Mayos,24,24,24,24,24,6,,,,,,
PH060600000,PH060602000,PH060602033,Antique,IFRC,Barbaza,Palma,124,124,124,124,124,42,0,41,0,41,0,0
PH060600000,PH060602000,PH060602034,Antique,IFRC,Barbaza,Poblacion,62,61,61,62,61,31,0,20,0,12,0,
PH060600000,PH060602000,PH060602035,Antique,IFRC,Barbaza,San Antonio,51,51,51,51,51,26,0,23,0,23,0,
PH060600000,PH060602000,PH060602040,Antique,IFRC,Barbaza,Yapo,43,43,43,43,43,18,0,10,0,10,0,0
PH060600000,PH060606000,PH060606005,Antique,German Red Cross,Culasi,Batbatan Island,250,250,250,250,250,0,,0,0,,,
PH060600000,PH060606000,PH060606026,Antique,German Red Cross,Culasi,Malalison Island,103,103,103,103,103,0,,0,0,,,
PH060600000,PH060609000,PH060609002,Antique,IFRC,Laua-An,BanBan,25,25,25,25,25,5,,5,,5,,
PH060600000,PH060609000,PH060609004,Antique,IFRC,Laua-An,Cabariwan,62,62,62,62,62,4,,3,,3,,
PH060600000,PH060609000,PH060609009,Antique,IFRC,Laua-An,Guinbanga-an,128,127,126,128,126,23,0,7,0,1,0,
PH060600000,PH060609000,PH060609011,Antique,IFRC,Laua-An,Guisijan,160,157,156,160,156,73,,22,,19,,
PH060600000,PH060609000,PH060609012,Antique,IFRC,Laua-An,Igtadiao,18,18,18,18,18,10,,2,,0,,
PH060600000,PH060609000,PH060609013,Antique,IFRC,Laua-An,Intao,56,56,56,56,56,15,0,15,0,15,0,
PH060600000,PH060609000,PH060609022,Antique,IFRC,Laua-An,Liya-liya,27,27,27,27,27,1,,1,0,1,,
PH060600000,PH060609000,PH060609026,Antique,IFRC,Laua-An,Maria,106,106,105,106,105,32,,8,0,8,,
PH060600000,PH060609000,PH060609027,Antique,IFRC,Laua-An,Mauno,60,60,60,60,60,8,0,8,0,8,0,
PH060600000,PH060609000,PH060609030,Antique,IFRC,Laua-An,Oloc,105,105,105,105,105,8,,8,,8,,
PH060600000,PH060609000,PH060609031,Antique,IFRC,Laua-An,Omlot,31,30,30,31,30,24,,5,,5,,
PH060600000,PH060609000,PH060609043,Antique,IFRC,Laua-An,Bagongbayan,89,89,88,89,88,10,,10,0,10,,
PH060600000,PH060615000,PH060615001,Antique,IFRC,Sebaste,Abiera,92,92,92,92,92,38,0,37,0,37,0,0
PH060600000,PH060615000,PH060615002,Antique,IFRC,Sebaste,Aguila,73,73,73,73,73,18,,18,0,18,,
PH060600000,PH060615000,PH060615003,Antique,IFRC,Sebaste,Alegre,102,102,101,102,101,8,,8,,8,,
PH060600000,PH060615000,PH060615004,Antique,IFRC,Sebaste,Aras-Asan,150,149,148,150,148,12,0,12,0,12,0,0
PH060600000,PH060615000,PH060615005,Antique,IFRC,Sebaste,Bacalan,282,282,281,282,281,42,,42,0,42,,
PH060600000,PH060615000,PH060615006,Antique,IFRC,Sebaste,Callan,131,131,131,131,131,31,0,31,0,31,0,0
PH060600000,PH060615000,PH060615007,Antique,IFRC,Sebaste,Nauhon,86,85,82,86,82,13,0,12,0,12,0,0
PH060600000,PH060615000,PH060615008,Antique,IFRC,Sebaste,P. Javier,40,40,40,40,40,7,,7,,7,,
PH060600000,PH060615000,PH060615009,Antique,IFRC,Sebaste,Poblacion,265,265,264,265,264,34,0,33,0,33,0,
PH060600000,PH060615000,PH060615010,Antique,IFRC,Sebaste,Idio,150,150,150,150,150,32,,32,,32,,
PH060600000,PH060617000,PH060617001,Antique,German Red Cross,Tibiao,Alegre,30,30,30,30,30,12,,12,12,0,,
PH060600000,PH060617000,PH060617004,Antique,German Red Cross,Tibiao,Castillo,38,0,0,0,0,0,0,0,0,0,0,
PH060600000,PH060617000,PH060617005,Antique,German Red Cross,Tibiao,Esparagoza,57,57,57,57,57,1,0,1,1,0,0,
PH060600000,PH060617000,PH060617006,Antique,German Red Cross,Tibiao,Importante,159,159,159,151,151,13,0,13,13,0,0,29
PH060600000,PH060617000,PH060617007,Antique,German Red Cross,Tibiao,La Paz,159,0,,,,25,,25,25,0,,30
PH060600000,PH060617000,PH060617009,Antique,German Red Cross,Tibiao,Martinez,287,263,261,263,261,53,0,53,53,0,0,
PH060600000,PH060617000,PH060617010,Antique,German Red Cross,Tibiao,Natividad,112,119,112,112,112,56,0,56,56,0,0,
PH060600000,PH060617000,PH060617014,Antique,German Red Cross,Tibiao,San Francisco Norte,191,191,190,191,190,21,0,21,21,0,0,8
PH060600000,PH060617000,PH060617016,Antique,German Red Cross,Tibiao,San Isidro,176,,,,,9,,9,9,,,5
PH060600000,PH060617000,PH060617017,Antique,German Red Cross,Tibiao,Santa Ana,75,,0,,0,5,,5,5,0,,5
PH060600000,PH060617000,PH060617020,Antique,German Red Cross,Tibiao,Tigbaboy,85,85,85,85,85,5,0,5,5,0,0,0
PH061900000,PH061902000,PH061902003,Capiz,IFRC,Dao,Agtanguay,155,154,154,154,154,28,,,,,,
PH061900000,PH061902000,PH061902012,Capiz,IFRC,Dao,Lacaron,209,208,208,208,208,22,,0,0,0,,
PH061900000,PH061902000,PH061902017,Capiz,IFRC,Dao,Nasunogan,232,231,231,231,231,56,,0,0,0,,
PH061900000,PH061902000,PH061902020,Capiz,IFRC,Dao,Quinabcaban,105,104,104,105,104,24,,,,,,
PH061900000,PH061903000,PH061903009,Capiz,German Red Cross,Dumalag,San Martin,0,0,0,0,0,35,0,35,35,0,0,0
PH061900000,PH061903000,PH061903010,Capiz,German Red Cross,Dumalag,San Miguel,225,225,224,225,224,145,0,0,0,0,0,
PH061900000,PH061903000,PH061903011,Capiz,German Red Cross,Dumalag,San Rafael,0,0,0,0,0,96,0,96,96,0,0,0
PH061900000,PH061903000,PH061903018,Capiz,German Red Cross,Dumalag,Santo Angel,283,283,283,283,283,85,,33,27,0,,
PH061900000,PH061904000,PH061904003,Capiz,German Red Cross,Dumarao,Aglanot,131,131,131,131,131,58,0,13,13,0,0,0
PH061900000,PH061904000,PH061904006,Capiz,German Red Cross,Dumarao,Agsirab,99,99,99,99,99,62,0,0,0,0,0,
PH061900000,PH061904000,PH061904021,Capiz,German Red Cross,Dumarao,Lawaan,179,179,179,179,179,74,0,38,38,0,0,0
PH061900000,PH061904000,PH061904030,Capiz,German Red Cross,Dumarao,Sagrada Familia,190,190,190,190,190,120,0,78,78,0,0,
PH061900000,PH061904000,PH061904036,Capiz,German Red Cross,Dumarao,Tina,118,118,118,118,118,93,,2,2,0,,
PH061900000,PH061905000,PH061905002,Capiz,Taiwan Red Cross Organisation,Ivisan,Agustin Navarra,,,,,,81,,1,0,1,,
PH061900000,PH061905000,PH061905005,Capiz,Hong Kong Red Cross (Branch of the Red Cross Society of China),Ivisan,Cabugao,,,0,,,34,,18,0,12,,
PH061900000,PH061905000,,Capiz,PRC-HSBC,Ivisan,Cabugao,0,0,0,0,0,35,0,0,0,0,0,
PH061900000,PH061905000,PH061905010,Capiz,Hong Kong Red Cross (Branch of the Red Cross Society of China),Ivisan,Matnog,,,0,,0,20,,20,0,20,,
PH061900000,PH061905000,,Capiz,PRC-HSBC,Ivisan,Matnog,0,0,0,0,0,14,0,0,0,0,0,
PH061900000,PH061905000,PH061905011,Capiz,Hong Kong Red Cross (Branch of the Red Cross Society of China),Ivisan,Mianay,,,,,,40,,,,,,
PH061900000,PH061905000,,Capiz,PRC-HSBC,Ivisan,Mianay,,,,,,45,,0,0,0,,
PH061900000,PH061905000,PH061905012,Capiz,Hong Kong Red Cross (Branch of the Red Cross Society of China),Ivisan,Ondoy,,,,,,32,,,,,,
PH061900000,PH061905000,,Capiz,PRC-HSBC,Ivisan,Ondoy,,,,,,46,,0,0,0,,
PH061900000,PH061905000,PH061905015,Capiz,Hong Kong Red Cross (Branch of the Red Cross Society of China),Ivisan,Santa Cruz,,,0,,0,34,,34,0,31,,
PH061900000,PH061905000,,Capiz,PRC-HSBC,Ivisan,Santa Cruz,,,,,,16,,,,,,
PH061900000,PH061905000,#N/A,Capiz,Taiwan Red Cross Organisation,Ivisan,Matnog ,,,,,,5,,0,0,0,,
PH061900000,PH061909000,PH061909001,Capiz,IFRC,Panay,Agbalo,125,125,125,125,125,35,,34,0,14,,
PH061900000,PH061909000,PH061909004,Capiz,IFRC,Panay,Anhawon,59,59,59,59,59,32,,23,0,0,,
PH061900000,PH061909000,PH061909006,Capiz,IFRC,Panay,Bago Chiquito,53,53,53,53,53,24,,24,0,24,,
PH061900000,PH061909000,PH061909007,Capiz,IFRC,Panay,Bago Grande,46,45,43,43,43,10,,10,0,10,,
PH061900000,PH061909000,PH061909008,Capiz,IFRC,Panay,Bahit,19,18,18,18,18,7,,7,0,7,,
PH061900000,PH061909000,PH061909011,Capiz,IFRC,Panay,Binangig,43,43,43,43,43,8,,8,0,8,,
PH061900000,PH061909000,PH061909012,Capiz,IFRC,Panay,Binantuan,40,40,40,40,40,23,,23,0,23,,
PH061900000,PH061909000,PH061909017,Capiz,IFRC,Panay,Cabugao Oeste,39,39,39,39,39,38,,38,0,38,,
PH061900000,PH061909000,PH061909020,Capiz,IFRC,Panay,Candual,85,85,83,83,83,17,,17,0,17,,
PH061900000,PH061909000,PH061909022,Capiz,IFRC,Panay,Daga,63,63,63,63,63,16,,11,0,0,,
PH061900000,PH061909000,PH061909027,Capiz,IFRC,Panay,Libon,61,60,59,59,59,21,,21,0,21,,
PH061900000,PH061909000,PH061909028,Capiz,IFRC,Panay,Linao,61,61,61,61,61,34,,34,0,34,,
PH061900000,PH061909000,PH061909030,Capiz,IFRC,Panay,Lomboy,110,110,110,110,110,21,,21,0,18,,
PH061900000,PH061909000,PH061909031,Capiz,IFRC,Panay,Lus-Onan,56,56,56,56,56,28,,28,0,28,,
PH061900000,PH061909000,PH061909032,Capiz,IFRC,Panay,Magubilan,64,64,64,64,64,37,,37,0,37,,
PH061900000,PH061909000,PH061909035,Capiz,IFRC,Panay,Pili,23,23,23,23,23,13,,13,0,13,,
PH061900000,PH061910000,PH061910003,Capiz,IFRC,Panitan,Agloway,66,66,66,66,66,52,,,,,,
PH061900000,PH061910000,PH061910004,Capiz,IFRC,Panitan,Ambilay,72,72,71,71,71,42,0,42,0,42,0,
PH061900000,PH061910000,PH061910005,Capiz,IFRC,Panitan,Bahit,149,149,149,149,149,30,,29,0,16,,
PH061900000,PH061910000,PH061910006,Capiz,IFRC,Panitan,Balatucan,83,83,83,83,83,28,0,28,0,28,0,0
PH061900000,PH061910000,PH061910008,Capiz,IFRC,Panitan,Cabugao,48,47,47,47,47,29,0,29,0,29,0,0
PH061900000,PH061910000,PH061910009,Capiz,IFRC,Panitan,Cabangahan,78,78,78,78,78,21,,21,0,21,,
PH061900000,PH061910000,PH061910010,Capiz,IFRC,Panitan,Cadio,100,100,99,99,99,36,,36,0,36,,
PH061900000,PH061910000,PH061910011,Capiz,IFRC,Panitan,Cala-an,71,71,71,71,71,32,0,32,0,32,0,
PH061900000,PH061910000,PH061910012,Capiz,IFRC,Panitan,Capagao,109,109,107,107,107,33,,33,0,33,,
PH061900000,PH061910000,PH061910014,Capiz,IFRC,Panitan,Conciencia,145,145,145,145,145,52,,45,0,29,,
PH061900000,PH061910000,PH061910015,Capiz,IFRC,Panitan,Ensenagan,102,102,102,102,102,35,,35,0,35,,
PH061900000,PH061910000,PH061910017,Capiz,IFRC,Panitan,Pasugue,29,29,29,29,29,13,0,13,0,13,0,0
PH061900000,PH061910000,PH061910020,Capiz,IFRC,Panitan,Quios,81,81,81,81,81,60,0,0,0,0,0,0
PH061900000,PH061910000,PH061910025,Capiz,IFRC,Panitan,Tincupon,144,144,144,145,144,67,,0,0,0,,
PH061900000,PH061917000,PH061917001,Capiz,German Red Cross,Tapaz,Abangay,87,87,87,87,87,40,0,40,40,0,0,
PH061900000,PH061917000,PH061917003,Capiz,German Red Cross,Tapaz,Agcococ,133,133,131,133,131,34,,33,33,0,,
PH061900000,PH061917000,PH061917004,Capiz,German Red Cross,Tapaz,Aglinab,58,58,58,58,58,9,,9,9,0,,
PH061900000,PH061917000,PH061917008,Capiz,German Red Cross,Tapaz,Artuz,136,136,136,136,136,87,0,12,12,0,0,
PH061900000,PH061917000,PH061917036,Capiz,German Red Cross,Tapaz,Roxas,114,114,114,114,114,94,0,26,21,0,0,
PH063000000,PH063001000,PH063001001,Iloilo,British Red Cross,Ajuy,Adcadarao,27,22,22,27,22,17,0,0,0,0,0,0
PH063000000,PH063001000,PH063001002,Iloilo,British Red Cross,Ajuy,Agbobolo,23,23,23,23,23,11,0,11,11,0,0,0
PH063000000,PH063001000,PH063001003,Iloilo,British Red Cross,Ajuy,Badiangan,33,33,33,33,33,17,0,17,17,0,0,0
PH063000000,PH063001000,PH063001004,Iloilo,British Red Cross,Ajuy,Barrido,43,43,43,43,43,25,0,0,0,0,0,0
PH063000000,PH063001000,PH063001005,Iloilo,British Red Cross,Ajuy,Bato Biasong,84,82,82,84,82,16,0,16,16,0,0,0
PH063000000,PH063001000,PH063001006,Iloilo,British Red Cross,Ajuy,Bay-ang,156,145,145,156,145,40,0,0,0,0,0,0
PH063000000,PH063001000,PH063001007,Iloilo,British Red Cross,Ajuy,Bucana Bunglas,36,31,31,36,31,0,0,0,0,0,0,0
PH063000000,PH063001000,PH063001008,Iloilo,British Red Cross,Ajuy,Central,55,51,51,55,51,17,0,17,17,0,0,0
PH063000000,PH063001000,PH063001009,Iloilo,British Red Cross,Ajuy,Culasi,274,247,247,274,247,103,0,27,18,0,0,0
PH063000000,PH063001000,PH063001010,Iloilo,British Red Cross,Ajuy,Lanjagan,52,51,51,52,51,37,0,35,35,0,0,0
PH063000000,PH063001000,PH063001011,Iloilo,British Red Cross,Ajuy,Luca,108,93,93,108,93,50,0,2,2,0,0,0
PH063000000,PH063001000,PH063001012,Iloilo,British Red Cross,Ajuy,Malayu-an,106,102,102,106,102,57,0,0,0,0,0,0
PH063000000,PH063001000,PH063001013,Iloilo,British Red Cross,Ajuy,Mangorocoro,62,49,49,62,49,49,0,46,46,0,0,0
PH063000000,PH063001000,PH063001014,Iloilo,British Red Cross,Ajuy,Nasidman,27,,,27,,14,,0,0,,,
PH063000000,PH063001000,PH063001015,Iloilo,British Red Cross,Ajuy,Pantalan Nabaye,49,,,49,,30,,0,0,,,
PH063000000,PH063001000,PH063001016,Iloilo,British Red Cross,Ajuy,Pantalan Navarro,9,8,8,9,8,13,0,13,13,0,0,0
PH063000000,PH063001000,PH063001017,Iloilo,British Red Cross,Ajuy,Pedada,36,35,35,36,35,5,0,0,0,0,0,0
PH063000000,PH063001000,PH063001018,Iloilo,British Red Cross,Ajuy,Pili,53,45,45,53,45,71,0,63,58,0,0,0
PH063000000,PH063001000,PH063001019,Iloilo,British Red Cross,Ajuy,Pinantan Diel,32,28,28,32,28,31,0,0,0,0,0,0
PH063000000,PH063001000,PH063001020,Iloilo,British Red Cross,Ajuy,Pinantan Elizalde,56,25,25,56,25,25,0,0,0,0,0,0
PH063000000,PH063001000,PH063001021,Iloilo,British Red Cross,Ajuy,Pinay Espinosa,77,74,74,77,74,57,0,0,0,0,0,0
PH063000000,PH063001000,PH063001022,Iloilo,British Red Cross,Ajuy,Poblacion,87,81,81,87,81,58,0,1,1,0,0,0
PH063000000,PH063001000,PH063001023,Iloilo,British Red Cross,Ajuy,Progreso,129,127,127,129,127,38,0,38,38,0,0,0
PH063000000,PH063001000,PH063001024,Iloilo,British Red Cross,Ajuy,Puente Bunglas,45,45,45,45,45,44,0,0,0,0,0,0
PH063000000,PH063001000,PH063001025,Iloilo,British Red Cross,Ajuy,Punta Buri,64,0,0,64,0,129,0,0,0,0,0,
PH063000000,PH063001000,PH063001026,Iloilo,British Red Cross,Ajuy,Rojas,32,31,31,32,31,0,0,0,0,0,0,0
PH063000000,PH063001000,PH063001027,Iloilo,British Red Cross,Ajuy,San Antonio,128,125,125,128,125,56,0,52,52,0,0,0
PH063000000,PH063001000,PH063001028,Iloilo,British Red Cross,Ajuy,Silagon,89,87,87,89,87,31,0,31,31,0,0,0
PH063000000,PH063001000,PH063001029,Iloilo,British Red Cross,Ajuy,Santo Rosario,95,,,95,,29,,0,0,,,
PH063000000,PH063001000,PH063001030,Iloilo,British Red Cross,Ajuy,Tagubanhan,56,53,53,56,53,52,0,49,32,0,0,0
PH063000000,PH063001000,PH063001031,Iloilo,British Red Cross,Ajuy,Taguhangin,61,59,59,61,59,31,0,29,29,0,0,0
PH063000000,PH063001000,PH063001032,Iloilo,British Red Cross,Ajuy,Tanduyan,50,46,46,50,46,44,0,32,28,0,0,0
PH063000000,PH063001000,PH063001033,Iloilo,British Red Cross,Ajuy,Tipacla,112,99,99,112,99,50,0,19,17,0,0,0
PH063000000,PH063001000,PH063001034,Iloilo,British Red Cross,Ajuy,Tubogan,29,28,28,29,28,39,0,0,0,0,0,0
PH063000000,PH063005000,PH063005001,Iloilo,British Red Cross,Balasan,Aranjuez,61,58,58,61,58,44,,0,0,,,
PH063000000,PH063005000,PH063005002,Iloilo,British Red Cross,Balasan,Bacolod,15,15,15,15,15,14,,,,,,
PH063000000,PH063005000,PH063005003,Iloilo,British Red Cross,Balasan,Balanti-an,118,116,116,118,116,44,,0,0,,,
PH063000000,PH063005000,PH063005004,Iloilo,British Red Cross,Balasan,Batuan,35,35,35,35,35,33,,,,,,
PH063000000,PH063005000,PH063005005,Iloilo,British Red Cross,Balasan,Cabalic,83,80,80,83,80,36,,0,0,,,
PH063000000,PH063005000,PH063005006,Iloilo,British Red Cross,Balasan,Camambugan,61,60,60,61,60,60,,4,4,0,,
PH063000000,PH063005000,PH063005007,Iloilo,British Red Cross,Balasan,Dolores,21,21,21,21,21,11,,9,9,0,,
PH063000000,PH063005000,PH063005008,Iloilo,British Red Cross,Balasan,Gimamanay,62,55,54,62,54,43,,43,43,0,,
PH063000000,PH063005000,PH063005009,Iloilo,British Red Cross,Balasan,Ipil,117,117,117,117,117,32,0,1,1,0,0,0
PH063000000,PH063005000,PH063005010,Iloilo,British Red Cross,Balasan,Kinalkalan,71,71,71,71,71,40,0,36,36,0,0,0
PH063000000,PH063005000,PH063005011,Iloilo,British Red Cross,Balasan,Lawis,136,136,136,136,136,80,0,31,15,0,0,0
PH063000000,PH063005000,PH063005012,Iloilo,British Red Cross,Balasan,Malapoc,60,59,59,60,59,18,0,0,0,0,0,
PH063000000,PH063005000,PH063005013,Iloilo,British Red Cross,Balasan,Mamhut Norte,124,120,120,124,120,102,0,89,76,0,0,0
PH063000000,PH063005000,PH063005014,Iloilo,British Red Cross,Balasan,Mamhut Sur,97,,,97,,13,,0,0,,,
PH063000000,PH063005000,PH063005015,Iloilo,British Red Cross,Balasan,Maya,151,149,149,151,149,48,0,39,21,0,0,0
PH063000000,PH063005000,PH063005016,Iloilo,British Red Cross,Balasan,Pani-an,109,109,109,109,109,83,0,1,1,0,0,0
PH063000000,PH063005000,PH063005017,Iloilo,British Red Cross,Balasan,Poblacion Norte,81,78,78,81,78,19,0,0,0,0,0,
PH063000000,PH063005000,PH063005018,Iloilo,British Red Cross,Balasan,Poblacion Sur,91,,,91,,26,,0,0,,,
PH063000000,PH063005000,PH063005019,Iloilo,British Red Cross,Balasan,Quiasan,32,,,32,,38,,0,0,,,
PH063000000,PH063005000,PH063005020,Iloilo,British Red Cross,Balasan,Salong,48,47,47,48,47,18,0,2,2,0,0,
PH063000000,PH063005000,PH063005021,Iloilo,British Red Cross,Balasan,Salvacion,66,65,65,66,65,31,0,17,12,0,0,
PH063000000,PH063005000,PH063005022,Iloilo,British Red Cross,Balasan,Tingui-an,122,117,117,122,117,67,0,66,66,0,0,0
PH063000000,PH063005000,PH063005023,Iloilo,British Red Cross,Balasan,Zaragosa,44,40,40,44,40,59,0,59,59,0,0,
PH063000000,PH063027000,PH063027009,Iloilo,CUBE,Lemery,Dalipe,15,15,15,15,15,50,0,8,8,0,0,0
PH063000000,PH063027000,PH063027025,Iloilo,CUBE,Lemery,San Jose Moto,71,71,71,71,71,50,0,8,8,0,0,0
PH072200000,PH072209000,PH072209001,Cebu,German Red Cross,Bantayan,Atop-atop,139,139,139,139,139,170,0,170,170,0,0,25
PH072200000,PH072209000,PH072209003,Cebu,German Red Cross,Bantayan,Baod,141,141,139,141,139,129,40,95,55,0,40,0
PH072200000,PH072209000,PH072209009,Cebu,German Red Cross,Bantayan,Guiwanon,105,105,105,105,105,121,23,114,87,0,23,0
PH072200000,PH072209000,PH072209012,Cebu,German Red Cross,Bantayan,Kangkaibe,167,167,164,167,164,111,0,111,111,0,0,
PH072200000,PH072209000,PH072209013,Cebu,German Red Cross,Bantayan,Lipayran,,,,,,50,,,,,,
PH072200000,PH072209000,PH072209016,Cebu,German Red Cross,Bantayan,Mojon,141,141,140,140,140,124,0,73,73,0,0,0
PH072200000,PH072209000,PH072209026,Cebu,German Red Cross,Bantayan,Ticad (Pob.),,,0,,0,0,,1,1,0,,
PH072200000,PH072211000,PH072211002,Cebu,German Red Cross,City Of Bogo,Anonang Norte,34,34,34,34,34,69,0,69,69,0,0,0
PH072200000,PH072211000,PH072211003,Cebu,German Red Cross,City Of Bogo,Anonang Sur,80,80,80,80,80,75,0,75,75,0,0,
PH072200000,PH072211000,PH072211005,Cebu,German Red Cross,City Of Bogo,Binabag,72,72,72,72,72,117,0,117,117,0,0,0
PH072200000,PH072211000,PH072211015,Cebu,German Red Cross,City Of Bogo,Libertad,34,34,34,34,34,61,0,41,39,0,0,
PH072200000,PH072211000,PH072211017,Cebu,German Red Cross,City Of Bogo,Malingin,16,16,16,16,16,116,0,87,83,0,0,0
PH072200000,PH072211000,PH072211020,Cebu,German Red Cross,City Of Bogo,Odlot,14,14,14,14,14,62,0,62,49,0,0,
PH072200000,PH072221000,PH072221002,Cebu,Taiwan Red Cross Organisation,Daanbantayan,Bagay,,,,,,91,,3,0,3,,
PH072200000,PH072221000,PH072221004,Cebu,Japanese Red Cross,Daanbantayan,Bateria,135,129,124,129,129,27,,10,0,7,0,
PH072200000,PH072221000,PH072221005,Cebu,Japanese Red Cross,Daanbantayan,Bitoon,119,116,100,114,114,29,,12,0,0,0,
PH072200000,PH072221000,PH072221006,Cebu,Japanese Red Cross,Daanbantayan,Calape,190,187,177,187,187,26,0,7,0,6,0,
PH072200000,PH072221000,PH072221009,Cebu,Japanese Red Cross,Daanbantayan,Lanao,274,268,257,267,234,51,,0,0,0,,
PH072200000,PH072221000,PH072221012,Cebu,Japanese Red Cross,Daanbantayan,Malingin,79,78,77,78,71,11,,0,0,0,,
PH072200000,PH072221000,PH072221015,Cebu,French Red Cross,Daanbantayan,Paypay,0,0,0,0,0,20,128,148,0,20,2,0
PH072200000,PH072221000,PH072221020,Cebu,Taiwan Red Cross Organisation,Daanbantayan,Tominjao,,,,,,75,,3,0,3,,
PH072200000,PH072228000,PH072228001,Cebu,German Red Cross,Madridejos,Bunakan,56,56,56,56,56,96,3,60,47,0,3,0
PH072200000,PH072228000,PH072228011,Cebu,German Red Cross,Madridejos,Tabagak,,,,,,91,,0,0,0,,
PH072200000,PH072228000,PH072228013,Cebu,German Red Cross,Madridejos,Tarong,211,211,211,211,211,112,0,102,91,0,0,0
PH072200000,PH072243000,PH072243001,Cebu,IFRC,San Remigio,Anapog,123,123,113,123,123,36,,36,0,36,0,
PH072200000,PH072243000,PH072243002,Cebu,IFRC,San Remigio,Argawanon,250,250,240,250,250,129,0,129,0,129,0,0
PH072200000,PH072243000,PH072243003,Cebu,IFRC,San Remigio,Bagtic,98,98,96,98,98,16,,0,0,0,,
PH072200000,PH072243000,PH072243004,Cebu,IFRC,San Remigio,Bancasan,87,87,72,87,87,51,,51,0,51,,
PH072200000,PH072243000,PH072243005,Cebu,IFRC,San Remigio,Batad,114,113,113,114,114,62,0,62,0,62,0,0
PH072200000,PH072243000,PH072243006,Cebu,IFRC,San Remigio,Busogon,70,70,66,70,70,46,,0,0,0,,
PH072200000,PH072243000,PH072243007,Cebu,IFRC,San Remigio,Calambua,124,124,123,124,124,30,,0,0,0,,
PH072200000,PH072243000,PH072243008,Cebu,IFRC,San Remigio,Canagahan,183,174,173,183,183,32,0,0,0,0,0,0
PH072200000,PH072243000,PH072243009,Cebu,IFRC,San Remigio,Dapdap,113,113,78,113,113,38,,38,0,38,,
PH072200000,PH072243000,PH072243010,Cebu,IFRC,San Remigio,Gawaygaway,119,100,85,119,119,10,0,0,0,0,0,0
PH072200000,PH072243000,PH072243011,Cebu,IFRC,San Remigio,Hagnaya,82,83,72,82,82,19,,24,0,0,,
PH072200000,PH072243000,PH072243012,Cebu,IFRC,San Remigio,Kayam,54,54,52,54,54,38,0,38,0,38,0,0
PH072200000,PH072243000,PH072243013,Cebu,IFRC,San Remigio,Kinawahan,111,109,97,111,111,4,0,0,0,0,0,0
PH072200000,PH072243000,PH072243014,Cebu,IFRC,San Remigio,Lambusan,155,155,143,155,155,60,0,60,0,60,0,0
PH072200000,PH072243000,PH072243015,Cebu,IFRC,San Remigio,Lawis,79,79,66,79,79,58,0,58,0,58,0,0
PH072200000,PH072243000,PH072243016,Cebu,IFRC,San Remigio,Libaong,128,124,124,128,128,23,,0,0,0,,
PH072200000,PH072243000,PH072243017,Cebu,IFRC,San Remigio,Looc,77,77,72,77,77,25,,25,0,25,,
PH072200000,PH072243000,PH072243018,Cebu,IFRC,San Remigio,Luyang,106,104,94,106,106,20,,0,0,0,,
PH072200000,PH072243000,PH072243019,Cebu,IFRC,San Remigio,Mano,64,64,60,64,64,19,0,15,0,0,0,0
PH072200000,PH072243000,PH072243020,Cebu,IFRC,San Remigio,Poblacion,87,86,72,87,87,62,0,62,0,62,0,0
PH072200000,PH072243000,PH072243021,Cebu,IFRC,San Remigio,Punta,73,73,73,73,73,48,0,48,0,48,0,
PH072200000,PH072243000,PH072243022,Cebu,IFRC,San Remigio,Sab-a,132,131,129,132,132,20,,0,0,0,,
PH072200000,PH072243000,PH072243023,Cebu,IFRC,San Remigio,San Miguel,176,172,170,176,176,32,0,0,0,0,0,0
PH072200000,PH072243000,PH072243024,Cebu,IFRC,San Remigio,Tacup,75,74,73,75,75,52,,0,0,0,,
PH072200000,PH072243000,PH072243025,Cebu,IFRC,San Remigio,Tambongon,118,118,118,118,118,47,0,41,0,41,0,0
PH072200000,PH072243000,PH072243026,Cebu,IFRC,San Remigio,To-ong,78,78,73,78,78,24,,23,0,23,,
PH072200000,PH072243000,PH072243027,Cebu,IFRC,San Remigio,Victoria,89,83,81,89,89,9,,0,0,0,,
PH082600000,PH082602000,PH082602002,Eastern Samar,Norwegian Red Cross,Balangiga,Cag-olango,19,19,19,19,19,38,0,38,38,0,,0
PH082600000,PH082602000,PH082602003,Eastern Samar,Norwegian Red Cross,Balangiga,Cansumangcay,4,4,4,4,4,120,0,120,120,0,0,8
PH082600000,PH082602000,PH082602005,Eastern Samar,Norwegian Red Cross,Balangiga,Barangay Poblacion I,77,77,77,77,77,144,0,144,144,0,0,12
PH082600000,PH082602000,PH082602006,Eastern Samar,Norwegian Red Cross,Balangiga,Barangay Poblacion II,19,18,18,19,19,14,0,14,14,0,,0
PH082600000,PH082602000,PH082602007,Eastern Samar,Norwegian Red Cross,Balangiga,Barangay Poblacion III,34,34,33,34,34,64,0,64,64,0,0,6
PH082600000,PH082602000,PH082602011,Eastern Samar,Norwegian Red Cross,Balangiga,San Miguel,153,153,152,153,153,204,0,204,204,0,0,14
PH082600000,PH082602000,PH082602012,Eastern Samar,Norwegian Red Cross,Balangiga,Santa Rosa,184,184,184,184,184,168,0,168,168,0,0,0
PH082600000,PH082607000,PH082607002,Eastern Samar,ICRC,General Macarthur,Binalay,0,0,0,0,0,45,0,45,45,0,0,0
PH082600000,PH082607000,PH082607005,Eastern Samar,ICRC,General Macarthur,Domrog,,,,,,80,,80,80,,,
PH082600000,PH082607000,PH082607008,Eastern Samar,ICRC,General Macarthur,Osmeña,0,0,0,0,0,45,0,45,45,0,0,0
PH082600000,PH082607000,PH082607019,Eastern Samar,ICRC,General Macarthur,Roxas,,,,,,27,,27,27,,,
PH082600000,PH082607000,PH082607020,Eastern Samar,ICRC,General Macarthur,Quirino,,,,,,33,,33,33,,,
PH082600000,PH082607000,PH082607022,Eastern Samar,ICRC,General Macarthur,San Roque,,,,,,17,,17,17,,,
PH082600000,PH082607000,PH082607023,Eastern Samar,ICRC,General Macarthur,Santa Cruz (Opong),,,,,,46,,46,46,,,
PH082600000,PH082607000,PH082607024,Eastern Samar,ICRC,General Macarthur,Santa Fe,,,,,,13,,13,13,,,
PH082600000,PH082607000,PH082607025,Eastern Samar,ICRC,General Macarthur,Tugop,,,,,,28,,28,28,,,
PH082600000,PH082607000,PH082607026,Eastern Samar,ICRC,General Macarthur,Vigan,0,0,0,0,0,43,0,43,43,0,0,0
PH082600000,PH082607000,PH082607028,Eastern Samar,ICRC,General Macarthur,Aguinaldo,0,0,0,0,0,71,0,71,71,0,0,0
PH082600000,PH082608000,PH082608008,Eastern Samar,ICRC,Giporlos,Biga,0,0,0,0,0,137,0,137,137,0,0,0
PH082600000,PH082608000,PH082608015,Eastern Samar,ICRC,Giporlos,President Roxas,0,0,0,0,0,45,0,45,45,0,0,0
PH082600000,PH082608000,PH082608017,Eastern Samar,ICRC,Giporlos,San Miguel,0,0,0,0,0,44,0,44,44,0,0,0
PH082600000,PH082608000,PH082608018,Eastern Samar,ICRC,Giporlos,Santa Cruz (Cansingkol),0,0,0,0,0,57,0,57,57,0,0,0
PH082600000,PH082609000,PH082609002,Eastern Samar,ICRC,Guiuan,Bagua,,,,,,45,,45,45,,,
PH082600000,PH082609000,PH082609004,Eastern Samar,ICRC,Guiuan,Banahao,,,,,,41,,41,41,,,
PH082600000,PH082609000,PH082609007,Eastern Samar,ICRC,Guiuan,Bitaugan,,,,,,35,,35,35,,,
PH082600000,PH082609000,PH082609011,Eastern Samar,ICRC,Guiuan,Cagdara-o,,,,,,40,,40,40,,,
PH082600000,PH082609000,PH082609012,Eastern Samar,ICRC,Guiuan,Cagusu-an,0,0,0,0,0,56,0,56,56,0,0,0
PH082600000,PH082609000,PH082609015,Eastern Samar,ICRC,Guiuan,Cantahay,0,0,0,0,0,132,0,132,132,0,0,0
PH082600000,PH082609000,PH082609017,Eastern Samar,ICRC,Guiuan,Casuguran,0,0,0,0,0,81,0,81,81,0,0,0
PH082600000,PH082609000,PH082609018,Eastern Samar,ICRC,Guiuan,Cogon,0,0,0,0,0,102,0,102,102,0,0,0
PH082600000,PH082609000,PH082609019,Eastern Samar,ICRC,Guiuan,Culasi,0,0,0,0,0,46,0,46,46,0,0,0
PH082600000,PH082609000,PH082609022,Eastern Samar,ICRC,Guiuan,Gahoy,0,0,0,0,0,49,0,49,49,0,0,0
PH082600000,PH082609000,PH082609045,Eastern Samar,ICRC,Guiuan,San Antonio,0,0,0,0,0,37,0,37,37,0,0,0
PH082600000,PH082609000,PH082609055,Eastern Samar,ICRC,Guiuan,Timala,,,,,,37,,37,37,,,
PH082600000,PH082609000,PH082609058,Eastern Samar,ICRC,Guiuan,Canawayon,0,0,0,0,0,48,0,48,48,0,0,0
PH082600000,PH082609000,PH082609064,Eastern Samar,ICRC,Guiuan,Tagporo,0,0,0,0,0,73,0,73,73,0,0,0
PH082600000,PH082612000,PH082612004,Eastern Samar,Norwegian Red Cross,Lawaan,Guinob-an,10,10,10,10,10,65,0,65,65,0,0,10
PH082600000,PH082612000,PH082612020,Eastern Samar,Norwegian Red Cross,Lawaan,San Isidro,8,8,8,8,8,8,0,8,8,0,,
PH082600000,PH082616000,PH082616001,Eastern Samar,ICRC,Mercedes,Anuron,,,,,,83,,83,83,,,
PH082600000,PH082616000,PH082616002,Eastern Samar,ICRC,Mercedes,Banuyo,0,0,0,0,0,46,0,46,46,0,0,0
PH082600000,PH082616000,PH082616003,Eastern Samar,ICRC,Mercedes,Bobon,0,0,0,0,0,34,0,34,34,0,0,0
PH082600000,PH082616000,PH082616006,Eastern Samar,ICRC,Mercedes,Cabunga-an,0,0,0,0,0,37,0,37,37,0,0,0
PH082600000,PH082616000,PH082616007,Eastern Samar,ICRC,Mercedes,Cambante,0,0,0,0,0,54,0,54,54,0,0,0
PH082600000,PH082616000,PH082616011,Eastern Samar,ICRC,Mercedes,San Jose,0,0,0,0,0,46,0,46,46,0,0,0
PH082600000,PH082616000,PH082616012,Eastern Samar,ICRC,Mercedes,Sung-an,0,0,0,0,0,72,0,72,72,0,0,0
PH082600000,PH082616000,PH082616013,Eastern Samar,ICRC,Mercedes,Palamrag (Cabiliri-an),,,,,,83,,83,83,,,
PH082600000,PH082616000,PH082616014,Eastern Samar,ICRC,Mercedes,Barangay 4 Poblacion,,,,,,39,,39,39,,,
PH082600000,PH082616000,PH082616016,Eastern Samar,ICRC,Mercedes,San Roque,0,0,0,0,0,50,0,50,50,0,0,0
PH082600000,PH082618000,PH082618001,Eastern Samar,ICRC,Quinapondan,Anislag,0,0,0,0,0,77,0,77,77,0,0,0
PH082600000,PH082618000,PH082618009,Eastern Samar,ICRC,Quinapondan,Mabini (Caculangan),0,0,0,0,0,32,0,32,32,0,0,0
PH082600000,PH082618000,PH082618011,Eastern Samar,ICRC,Quinapondan,Cambilla,0,0,0,0,0,53,0,53,53,0,0,0
PH082600000,PH082618000,PH082618012,Eastern Samar,ICRC,Quinapondan,Cantenio,0,0,0,0,0,29,0,29,29,0,0,0
PH082600000,PH082618000,PH082618014,Eastern Samar,ICRC,Quinapondan,Naga,0,0,0,0,0,58,0,58,58,0,0,0
PH082600000,PH082618000,PH082618022,Eastern Samar,ICRC,Quinapondan,Palactad (Valley),0,0,0,0,0,73,0,73,73,0,0,0
PH082600000,PH082618000,PH082618024,Eastern Samar,ICRC,Quinapondan,Barangay No. 6 (Pob.),0,0,0,0,0,72,0,72,72,0,0,0
PH082600000,PH082618000,PH082618025,Eastern Samar,ICRC,Quinapondan,Barangay No. 7 (Pob.),0,0,0,0,0,121,0,121,121,0,0,0
PH082600000,PH082619000,PH082619002,Eastern Samar,ICRC,Salcedo,Alog,0,0,0,0,0,20,0,20,20,0,0,0
PH082600000,PH082619000,PH082619023,Eastern Samar,ICRC,Salcedo,Cagaut,0,0,0,0,0,79,0,79,79,0,0,0
PH082600000,PH082619000,PH082619026,Eastern Samar,ICRC,Salcedo,Carapdapan,0,0,0,0,0,35,0,35,35,0,0,0
PH082600000,PH082619000,PH082619028,Eastern Samar,ICRC,Salcedo,Casili-on,0,0,0,0,0,75,0,75,75,0,0,0
PH082600000,PH082619000,PH082619033,Eastern Samar,ICRC,Salcedo,Maliwaliw,0,0,0,0,0,58,0,58,58,0,0,0
PH082600000,PH082619000,PH082619035,Eastern Samar,ICRC,Salcedo,Matarinao,0,0,0,0,0,70,0,70,70,0,0,0
PH082600000,PH082619000,PH082619037,Eastern Samar,ICRC,Salcedo,Naparaan,0,0,0,0,0,166,0,166,166,0,0,0
PH082600000,PH082619000,PH082619041,Eastern Samar,ICRC,Salcedo,Seguinon,0,0,0,0,0,33,0,33,33,0,0,0
PH082600000,PH082619000,PH082619046,Eastern Samar,ICRC,Salcedo,San Roque (Bugay),0,0,0,0,0,35,0,35,35,0,0,0
PH082600000,PH082619000,PH082619049,Eastern Samar,ICRC,Salcedo,Tacla-on,0,0,0,0,0,54,0,54,54,0,0,0
PH082600000,PH082619000,PH082619050,Eastern Samar,ICRC,Salcedo,Tagbacan,0,0,0,0,0,58,0,58,58,0,0,0
PH082600000,PH082619000,PH082619052,Eastern Samar,ICRC,Salcedo,Talangdawan,0,0,0,0,0,35,0,35,35,0,0,0
PH083700000,PH083702000,PH083702001,Leyte,American Red Cross,Alangalang,Aslum,51,51,51,51,51,101,,0,0,0,,
PH083700000,PH083702000,PH083702002,Leyte,American Red Cross,Alangalang,Astorga (Burabod),139,139,139,139,139,175,0,4,0,4,0,0
PH083700000,PH083702000,PH083702024,Leyte,American Red Cross,Alangalang,Hubang,211,211,211,211,211,197,0,17,0,16,0,0
PH083700000,PH083702000,PH083702033,Leyte,American Red Cross,Alangalang,Peñalosa,49,49,49,49,49,106,,6,0,6,,
PH083700000,PH083702000,PH083702043,Leyte,American Red Cross,Alangalang,Santiago,89,89,89,89,89,29,,0,0,0,,
PH083700000,PH083702000,#N/A,Leyte,American Red Cross,Alangalang,(blank),,,,,,0,0,0,0,0,0,0
PH083700000,PH083706000,PH083706001,Leyte,IFRC,Barugo,Abango,64,63,62,63,62,58,,58,0,58,,0
PH083700000,PH083706000,PH083706005,Leyte,IFRC,Barugo,Balud,70,70,70,70,70,0,,,0,0,,
PH083700000,PH083706000,PH083706006,Leyte,IFRC,Barugo,Bukid,79,75,75,77,75,85,0,85,0,85,0,0
PH083700000,PH083706000,PH083706007,Leyte,IFRC,Barugo,Bulod,33,32,32,33,32,23,0,23,0,23,0,0
PH083700000,PH083706000,PH083706008,Leyte,IFRC,Barugo,Busay,57,57,57,57,57,28,0,28,0,28,0,0
PH083700000,PH083706000,PH083706009,Leyte,IFRC,Barugo,Cabolo-an,22,22,22,22,22,20,,20,0,20,,0
PH083700000,PH083706000,PH083706010,Leyte,IFRC,Barugo,Calingcaguing,57,57,57,57,57,50,0,0,0,0,0,0
PH083700000,PH083706000,PH083706011,Leyte,IFRC,Barugo,Can-isak,19,19,19,18,19,40,0,40,0,40,0,0
PH083700000,PH083706000,PH083706012,Leyte,IFRC,Barugo,Canomantag,48,48,48,48,48,19,0,0,0,0,0,0
PH083700000,PH083706000,PH083706013,Leyte,IFRC,Barugo,Duka,68,68,67,64,67,0,,0,0,0,,
PH083700000,PH083706000,PH083706014,Leyte,IFRC,Barugo,Guindaohan,48,48,48,48,48,51,0,51,0,51,0,0
PH083700000,PH083706000,PH083706015,Leyte,IFRC,Barugo,Hiagsam,17,16,16,17,16,9,0,9,0,9,0,0
PH083700000,PH083706000,PH083706016,Leyte,IFRC,Barugo,Hilaba,54,54,54,54,54,45,0,45,0,45,0,0
PH083700000,PH083706000,PH083706017,Leyte,IFRC,Barugo,Hinugayan,29,29,29,29,29,9,0,0,0,0,0,0
PH083700000,PH083706000,PH083706018,Leyte,IFRC,Barugo,Ibag,56,56,56,56,56,0,,,0,0,,
PH083700000,PH083706000,PH083706019,Leyte,IFRC,Barugo,Minuhang,185,176,175,179,175,0,,0,0,0,,
PH083700000,PH083706000,PH083706020,Leyte,IFRC,Barugo,Minuswang,73,71,71,73,71,37,0,0,0,0,0,0
PH083700000,PH083706000,PH083706021,Leyte,IFRC,Barugo,Pikas,69,67,66,69,66,73,0,69,0,53,0,0
PH083700000,PH083706000,PH083706022,Leyte,IFRC,Barugo,Pitogo,23,23,23,23,23,5,0,5,0,1,0,0
PH083700000,PH083706000,PH083706023,Leyte,IFRC,Barugo,Poblacion Dist. I,40,40,40,40,40,11,0,11,0,11,0,0
PH083700000,PH083706000,PH083706024,Leyte,IFRC,Barugo,Poblacion Dist. II,74,70,70,64,70,27,0,27,0,27,0,0
PH083700000,PH083706000,PH083706025,Leyte,IFRC,Barugo,Poblacion Dist. III,35,33,30,27,30,5,0,5,0,5,0,
PH083700000,PH083706000,PH083706027,Leyte,IFRC,Barugo,Poblacion Dist. V,12,13,13,12,13,9,0,0,0,0,0,0
PH083700000,PH083706000,PH083706028,Leyte,IFRC,Barugo,Poblacion Dist. VI (New Road),55,55,55,55,55,35,0,0,0,0,0,0
PH083700000,PH083706000,PH083706029,Leyte,IFRC,Barugo,Pongso,21,21,21,21,21,12,0,12,0,12,0,0
PH083700000,PH083706000,PH083706031,Leyte,IFRC,Barugo,Roosevelt,36,35,35,36,35,18,0,14,0,4,0,0
PH083700000,PH083706000,PH083706032,Leyte,IFRC,Barugo,San Isidro,25,25,25,25,25,0,0,0,0,0,0,0
PH083700000,PH083706000,PH083706033,Leyte,IFRC,Barugo,Santa Rosa,87,83,83,87,83,40,0,40,0,40,0,0
PH083700000,PH083706000,PH083706034,Leyte,IFRC,Barugo,Santarin,87,85,85,87,85,37,0,0,0,0,0,0
PH083700000,PH083706000,PH083706035,Leyte,IFRC,Barugo,Tutug-an,22,22,22,22,22,39,0,39,0,38,0,0
PH083700000,PH083706000,PH083706036,Leyte,IFRC,Barugo,Cabarasan,60,60,60,60,60,33,0,33,0,33,0,0
PH083700000,PH083706000,PH083706037,Leyte,IFRC,Barugo,Cuta,31,31,31,31,31,22,0,22,0,22,0,0
PH083700000,PH083706000,PH083706038,Leyte,IFRC,Barugo,Domogdog,81,79,79,66,79,0,,0,0,0,,
PH083700000,PH083706000,PH083706039,Leyte,IFRC,Barugo,San Roque,58,56,56,57,56,10,0,0,0,0,0,0
PH083700000,PH083710000,PH083710001,Leyte,IFRC,Burauen,Abuyogon,58,58,58,58,58,10,,0,0,0,,
PH083700000,PH083710000,PH083710007,Leyte,IFRC,Burauen,Bobon,58,58,57,58,57,11,,,0,0,,
PH083700000,PH083710000,PH083710012,Leyte,IFRC,Burauen,Cagangon,101,101,100,101,100,30,,0,0,0,,
PH083700000,PH083710000,PH083710013,Leyte,IFRC,Burauen,Cali,33,33,33,33,33,0,,0,0,0,,
PH083700000,PH083710000,PH083710014,Leyte,IFRC,Burauen,Calsadahay,22,21,21,21,21,36,,,0,0,,
PH083700000,PH083710000,PH083710017,Leyte,IFRC,Burauen,Catagbacan,33,33,33,33,33,23,,,0,0,,
PH083700000,PH083710000,PH083710028,Leyte,IFRC,Burauen,Ilihan,31,31,31,31,31,3,,,0,0,,
PH083700000,PH083710000,PH083710029,Leyte,IFRC,Burauen,Esperanza,63,63,63,63,63,24,,,0,0,,
PH083700000,PH083710000,PH083710034,Leyte,IFRC,Burauen,Hugpa West,46,46,46,46,46,19,,1,0,1,,
PH083700000,PH083710000,PH083710051,Leyte,IFRC,Burauen,Pangdan,68,67,66,67,66,0,,,0,0,,
PH083700000,PH083710000,PH083710057,Leyte,IFRC,Burauen,Sambel,48,47,47,47,47,0,,,0,0,,
PH083700000,PH083710000,PH083710061,Leyte,IFRC,Burauen,San Jose East,81,81,80,81,80,0,,,0,0,,
PH083700000,PH083710000,PH083710064,Leyte,IFRC,Burauen,Tabuanon,74,73,73,73,73,25,,0,0,0,,
PH083700000,PH083710000,PH083710072,Leyte,IFRC,Burauen,Villa Corazon,72,70,70,70,70,27,,,0,0,,
PH083700000,PH083710000,PH083710077,Leyte,IFRC,Burauen,Dina-ayan,40,40,40,40,40,11,,,0,0,,
PH083700000,PH083713000,PH083713001,Leyte,Australian Red Cross,Calubian,Abanilla,0,0,0,0,0,37,,35,28,0,,0
PH083700000,PH083713000,PH083713005,Leyte,Australian Red Cross,Calubian,Bunacan,0,0,0,0,0,30,,0,0,0,,
PH083700000,PH083713000,PH083713011,Leyte,Australian Red Cross,Calubian,Caroyocan,39,39,39,39,39,0,,,0,0,,
PH083700000,PH083713000,PH083713015,Leyte,Australian Red Cross,Calubian,Dalumpines,42,41,40,41,40,0,,,0,0,,
PH083700000,PH083713000,PH083713027,Leyte,Australian Red Cross,Calubian,Igang,0,0,0,0,0,35,,0,0,0,,
PH083700000,PH083713000,PH083713029,Leyte,Australian Red Cross,Calubian,Jubay,42,41,42,41,42,0,,,0,0,,
PH083700000,PH083713000,PH083713033,Leyte,Australian Red Cross,Calubian,Kokoy Romualdez,91,91,91,91,91,0,,,0,0,,
PH083700000,PH083713000,PH083713053,Leyte,Australian Red Cross,Calubian,Tagharigue,0,0,0,0,0,45,,0,0,0,,
PH083700000,PH083713000,PH083713057,Leyte,Australian Red Cross,Calubian,Villalon,14,14,13,14,13,0,,,0,0,,
PH083700000,PH083713000,PH083713058,Leyte,Australian Red Cross,Calubian,Villanueva,0,0,0,0,0,15,,0,0,0,,
PH083700000,PH083713000,#N/A,Leyte,Australian Red Cross,Calubian,Petrollo,0,0,0,0,0,13,,0,0,0,,
PH083700000,PH083713000,,Leyte,Australian Red Cross,Calubian,Pinalad,116,116,114,116,114,0,,,0,0,,
PH083700000,PH083715000,PH083715003,Leyte,IFRC,Carigara,Barugohay Central,68,68,66,68,66,56,,56,0,56,,
PH083700000,PH083715000,PH083715004,Leyte,IFRC,Carigara,Barugohay Norte,95,94,94,95,94,94,,94,0,94,,
PH083700000,PH083715000,PH083715008,Leyte,IFRC,Carigara,Bislig,33,31,30,33,30,41,,41,0,41,,
PH083700000,PH083715000,PH083715015,Leyte,IFRC,Carigara,Cutay,24,24,24,24,24,20,,,0,0,,
PH083700000,PH083715000,PH083715025,Leyte,IFRC,Carigara,Manloy,43,43,43,43,43,75,,30,0,28,,
PH083700000,PH083715000,PH083715030,Leyte,IFRC,Carigara,Piloro,35,35,35,35,35,34,,0,0,0,,
PH083700000,PH083715000,PH083715042,Leyte,IFRC,Carigara,Uyawan,53,53,53,53,53,39,,43,0,34,,
PH083700000,PH083715000,PH083715045,Leyte,IFRC,Carigara,San Juan,27,27,27,27,27,26,,,0,0,,
PH083700000,PH083715000,PH083715047,Leyte,IFRC,Carigara,Canfabi,17,17,16,17,16,25,,,0,0,,
PH083700000,PH083717000,PH083717003,Leyte,IFRC,Dagami,Balilit,88,86,81,86,81,99,,98,0,98,,0
PH083700000,PH083717000,PH083717005,Leyte,IFRC,Dagami,Bayabas,39,38,38,38,38,22,,22,0,22,,0
PH083700000,PH083717000,PH083717008,Leyte,IFRC,Dagami,Buntay,99,95,95,95,95,45,,45,0,45,,
PH083700000,PH083717000,PH083717009,Leyte,IFRC,Dagami,Caanislagan,65,65,65,65,65,6,,7,0,7,,
PH083700000,PH083717000,PH083717013,Leyte,IFRC,Dagami,Calipayan,162,128,128,128,128,6,,5,0,5,,
PH083700000,PH083717000,PH083717016,Leyte,IFRC,Dagami,Calutan,43,38,38,38,38,30,0,30,0,30,0,
PH083700000,PH083717000,PH083717017,Leyte,IFRC,Dagami,Camono-an,74,71,65,71,65,12,,10,0,9,,
PH083700000,PH083717000,PH083717024,Leyte,IFRC,Dagami,Hilabago,56,49,49,49,49,8,,9,0,9,,
PH083700000,PH083717000,PH083717028,Leyte,IFRC,Dagami,Katipunan,46,46,46,46,46,23,,20,0,20,,
PH083700000,PH083717000,PH083717034,Leyte,IFRC,Dagami,Ormocay,70,68,67,68,67,26,,26,0,26,,0
PH083700000,PH083717000,PH083717036,Leyte,IFRC,Dagami,Panda,51,50,50,50,50,1,,1,0,1,,
PH083700000,PH083717000,PH083717037,Leyte,IFRC,Dagami,Patoc,106,91,91,91,91,19,,20,0,20,,
PH083700000,PH083717000,PH083717038,Leyte,IFRC,Dagami,Plaridel,89,88,88,88,88,0,,,0,0,,
PH083700000,PH083717000,PH083717048,Leyte,IFRC,Dagami,Poponton,41,39,38,39,38,0,,,0,0,,
PH083700000,PH083717000,PH083717055,Leyte,IFRC,Dagami,Tin-ao,69,69,69,69,69,27,0,27,0,27,0,0
PH083700000,PH083717000,PH083717060,Leyte,IFRC,Dagami,Lobe-lobe East,92,90,90,90,90,7,,7,0,7,,
PH083700000,PH083717000,PH083717061,Leyte,IFRC,Dagami,Paraiso,128,127,127,127,127,39,,39,0,39,,0
PH083700000,PH083717000,PH083717064,Leyte,IFRC,Dagami,Talinhugon,53,51,51,51,51,17,,16,0,16,,
PH083700000,PH083717000,PH083717065,Leyte,IFRC,Dagami,Tuya,27,24,24,24,24,19,0,19,0,19,0,0
PH083700000,PH083718000,PH083718004,Leyte,German Red Cross,Dulag,Batug,5,5,5,5,5,44,0,44,44,0,0,0
PH083700000,PH083718000,PH083718006,Leyte,German Red Cross,Dulag,Cabacungan,35,35,35,35,35,50,0,50,50,0,0,
PH083700000,PH083718000,PH083718008,Leyte,German Red Cross,Dulag,Cabato-an,3,3,3,3,3,14,,14,14,0,,0
PH083700000,PH083718000,PH083718019,Leyte,German Red Cross,Dulag,Luan,134,134,133,134,133,18,,17,17,0,,0
PH083700000,PH083718000,PH083718022,Leyte,German Red Cross,Dulag,Barbo (Pob.),63,63,63,63,63,96,,96,96,0,,0
PH083700000,PH083718000,PH083718023,Leyte,German Red Cross,Dulag,Buntay (Pob.),192,192,191,192,191,57,,55,55,0,,
PH083700000,PH083718000,PH083718025,Leyte,German Red Cross,Dulag,Candao (Pob.),61,61,61,61,61,7,0,5,5,0,0,
PH083700000,PH083718000,PH083718026,Leyte,German Red Cross,Dulag,Catmonan (Pob.),100,100,100,100,100,0,,0,0,0,,
PH083700000,PH083718000,PH083718027,Leyte,German Red Cross,Dulag,Combis (Pob.),84,84,84,84,84,47,,47,45,0,,
PH083700000,PH083718000,PH083718028,Leyte,German Red Cross,Dulag,Highway (Pob.),44,44,44,44,44,71,,0,0,0,,
PH083700000,PH083718000,PH083718030,Leyte,German Red Cross,Dulag,San Miguel (Pob.),104,104,104,104,104,0,0,0,0,0,0,
PH083700000,PH083718000,PH083718032,Leyte,German Red Cross,Dulag,Sungi (Pob.),221,221,220,221,220,70,,45,17,0,,0
PH083700000,PH083718000,PH083718034,Leyte,German Red Cross,Dulag,Rizal,127,127,127,127,127,248,0,248,248,0,0,0
PH083700000,PH083718000,PH083718037,Leyte,German Red Cross,Dulag,Salvacion,41,41,41,41,41,31,0,69,67,0,0,
PH083700000,PH083718000,PH083718042,Leyte,German Red Cross,Dulag,San Rafael,0,0,0,0,0,69,,69,69,0,,
PH083700000,PH083718000,PH083718044,Leyte,German Red Cross,Dulag,Tabu,133,133,131,133,131,64,,63,63,0,,0
PH083700000,PH083722000,PH083722002,Leyte,Netherlands Red Cross,Isabel,Antipolo,138,137,137,63,137,21,0,21,21,0,0,0
PH083700000,PH083722000,PH083722004,Leyte,Netherlands Red Cross,Isabel,Bantigue,545,545,540,225,540,30,0,29,29,0,0,0
PH083700000,PH083722000,PH083722007,Leyte,Netherlands Red Cross,Isabel,Can-andan,78,76,76,48,76,14,0,14,14,0,0,0
PH083700000,PH083722000,PH083722008,Leyte,Netherlands Red Cross,Isabel,Cangag,171,171,163,81,163,30,0,27,27,0,0,0
PH083700000,PH083722000,PH083722009,Leyte,Netherlands Red Cross,Isabel,Consolacion,0,0,0,0,0,32,,26,26,0,,0
PH083700000,PH083722000,PH083722015,Leyte,Netherlands Red Cross,Isabel,Monte Alegre,148,148,147,65,147,32,0,32,32,0,0,0
PH083700000,PH083722000,PH083722017,Leyte,Netherlands Red Cross,Isabel,Puting Bato,159,158,156,72,156,46,0,32,32,0,0,0
PH083700000,PH083722000,PH083722018,Leyte,Netherlands Red Cross,Isabel,San Francisco,214,214,209,120,209,22,0,46,46,0,0,0
PH083700000,PH083725000,PH083725002,Leyte,German Red Cross,Julita,Anibong,98,98,98,98,98,98,,98,98,0,,0
PH083700000,PH083725000,PH083725005,Leyte,German Red Cross,Julita,Bongdo,89,89,89,89,89,86,0,0,0,0,0,
PH083700000,PH083725000,PH083725010,Leyte,German Red Cross,Julita,Cuya-e,61,61,61,61,61,93,0,0,0,0,0,
PH083700000,PH083725000,PH083725015,Leyte,German Red Cross,Julita,Hindang,45,45,45,45,45,93,0,93,93,0,0,0
PH083700000,PH083725000,PH083725016,Leyte,German Red Cross,Julita,Inawangan,21,21,21,21,21,50,0,50,50,0,0,0
PH083700000,PH083725000,PH083725018,Leyte,German Red Cross,Julita,Poblacion District I,,,,,,1,,0,0,0,,0
PH083700000,PH083725000,PH083725022,Leyte,German Red Cross,Julita,San Andres,55,55,55,55,55,63,0,0,0,0,0,
PH083700000,PH083725000,PH083725023,Leyte,German Red Cross,Julita,San Pablo,43,43,43,43,43,26,0,26,26,0,0,0
PH083700000,PH083725000,PH083725025,Leyte,German Red Cross,Julita,Santo Niño,195,195,194,195,194,90,0,0,0,0,0,
PH083700000,PH083725000,PH083725028,Leyte,German Red Cross,Julita,Villa Hermosa,46,46,46,46,46,85,,0,0,0,,
PH083700000,PH083728000,PH083728001,Leyte,IFRC,La Paz,Bagacay East,0,0,0,0,0,23,,10,0,1,,
PH083700000,PH083728000,PH083728005,Leyte,IFRC,La Paz,Buracan,0,0,0,0,0,61,,30,0,22,,
PH083700000,PH083728000,PH083728013,Leyte,IFRC,La Paz,Cogon,0,0,0,0,0,24,,0,0,0,,
PH083700000,PH083728000,PH083728015,Leyte,IFRC,La Paz,Gimenarat East,0,0,0,0,0,44,,0,0,0,,
PH083700000,PH083728000,PH083728016,Leyte,IFRC,La Paz,Gimenarat West,0,0,0,0,0,31,,7,0,2,,
PH083700000,PH083728000,PH083728032,Leyte,IFRC,La Paz,Santa Ana,0,0,0,0,0,79,,0,0,0,,
PH083700000,PH083728000,PH083728035,Leyte,IFRC,La Paz,Tarugan,0,0,0,0,0,22,,22,0,21,,
PH083700000,PH083730000,PH083730002,Leyte,American Red Cross,Macarthur,Burabod,0,0,0,0,0,26,,29,22,0,,
PH083700000,PH083730000,PH083730007,Leyte,American Red Cross,Macarthur,Danao,0,0,0,0,0,119,,19,19,0,,
PH083700000,PH083730000,PH083730009,Leyte,American Red Cross,Macarthur,Kiling,0,0,0,0,0,6,,0,0,0,,
PH083700000,PH083730000,PH083730010,Leyte,American Red Cross,Macarthur,Lanawan,0,0,0,0,0,25,,0,0,0,,
PH083700000,PH083730000,PH083730013,Leyte,American Red Cross,Macarthur,Oguisan,0,0,0,0,0,4,,0,0,0,,
PH083700000,PH083730000,PH083730024,Leyte,American Red Cross,Macarthur,San Antonio,0,0,0,0,0,37,,1,1,0,,
PH083700000,PH083730000,PH083730025,Leyte,American Red Cross,Macarthur,San Isidro,0,0,0,0,0,29,,12,12,0,,
PH083700000,PH083730000,PH083730028,Leyte,American Red Cross,Macarthur,Santa Isabel,0,0,0,0,0,37,,0,0,0,,
PH083700000,PH083730000,PH083730032,Leyte,American Red Cross,Macarthur,Villa Imelda,0,0,0,0,0,23,,19,14,0,,
PH083700000,PH083735000,PH083735003,Leyte,American Red Cross,Mayorga,Burgos,54,54,54,3,54,79,,1,0,1,,
PH083700000,PH083735000,PH083735012,Leyte,American Red Cross,Mayorga,San Roque,392,386,386,30,386,96,0,7,0,7,0,0
PH083700000,PH083735000,PH083735014,Leyte,American Red Cross,Mayorga,Talisay,132,132,132,11,132,54,,6,0,6,,
PH083700000,PH083735000,PH083735015,Leyte,American Red Cross,Mayorga,Union,292,292,292,35,292,110,,23,0,21,,
PH083700000,PH083735000,PH083735016,Leyte,American Red Cross,Mayorga,Wilson,109,97,97,0,97,38,,1,0,1,,
PH083700000,PH083736000,PH083736004,Leyte,Netherlands Red Cross,Merida,Calunasan,146,146,142,52,142,39,0,39,39,0,0,0
PH083700000,PH083736000,PH083736005,Leyte,Netherlands Red Cross,Merida,Cambalong,139,139,138,50,138,30,0,27,27,0,0,0
PH083700000,PH083736000,PH083736013,Leyte,Netherlands Red Cross,Merida,Lundag,91,91,90,3,90,0,0,0,0,0,0,
PH083700000,PH083736000,PH083736014,Leyte,Netherlands Red Cross,Merida,Mahalit,197,192,192,70,192,15,0,15,15,0,0,0
PH083700000,PH083736000,PH083736020,Leyte,Netherlands Red Cross,Merida,San Jose,63,63,61,33,61,22,0,22,22,0,0,0
PH083700000,PH083736000,PH083736022,Leyte,Netherlands Red Cross,Merida,Tubod,87,86,85,38,85,52,0,52,52,0,0,0
PH083700000,PH083736000,PH083736023,Leyte,Netherlands Red Cross,Merida,Mat-e,78,75,74,48,74,5,0,5,5,0,0,0
PH083700000,PH083736000,#N/A,Leyte,Netherlands Red Cross,Merida,Can Unzo,0,0,0,0,0,17,,20,20,0,,0
PH083700000,PH083738000,PH083738006,Leyte,Swiss Red Cross,Ormoc City,Biliboy,44,44,0,44,0,12,0,11,9,0,0,8
PH083700000,PH083738000,PH083738007,Leyte,Swiss Red Cross,Ormoc City,Borok,130,130,130,129,130,246,0,18,18,0,0,8
PH083700000,PH083738000,PH083738063,Leyte,Swiss Red Cross,Ormoc City,Magaswi,53,53,0,106,0,7,0,7,6,0,0,8
PH083700000,PH083738000,PH083738065,Leyte,Swiss Red Cross,Ormoc City,Mahayahay,45,45,36,45,36,41,0,20,19,0,0,8
PH083700000,PH083738000,PH083738068,Leyte,Swiss Red Cross,Ormoc City,Mas-in,123,0,0,0,0,98,0,47,43,0,0,8
PH083700000,PH083738000,PH083738077,Leyte,Swiss Red Cross,Ormoc City,"Quezon, Jr.",54,54,53,54,53,89,0,28,24,0,0,9
PH083700000,PH083738000,PH083738078,Leyte,Swiss Red Cross,Ormoc City,Rufina M. Tan,94,0,0,0,0,64,0,32,28,0,0,8
PH083700000,PH083738000,PH083738093,Leyte,Swiss Red Cross,Ormoc City,Cabintan,79,76,0,71,0,71,0,20,20,0,0,8
PH083700000,PH083738000,PH083738110,Leyte,Swiss Red Cross,Ormoc City,Bayog,71,0,0,0,0,76,0,23,21,0,0,8
PH083700000,PH083738000,#N/A,Leyte,PMI,Ormoc City,Nadongholan,,,,711,711,,,0,0,,,
PH083700000,PH083739000,PH083739006,Leyte,IFRC,Palo,Cabarasan Daku,0,0,0,0,0,84,,0,0,0,,
PH083700000,PH083739000,PH083739011,Leyte,IFRC,Palo,Canhidoc,0,0,0,0,0,95,,0,0,0,,
PH083700000,PH083739000,PH083739012,Leyte,IFRC,Palo,Capirawan,0,0,0,0,0,142,,1,0,1,,
PH083700000,PH083739000,PH083739027,Leyte,IFRC,Palo,San Antonio,0,0,0,0,0,117,,0,0,0,,
PH083700000,PH083741000,PH083741001,Leyte,IFRC,Pastrana,Arabunog,0,0,0,0,0,25,,0,0,0,,
PH083700000,PH083741000,PH083741004,Leyte,IFRC,Pastrana,Cabaohan,0,0,0,0,0,38,,0,0,0,,
PH083700000,PH083741000,PH083741005,Leyte,IFRC,Pastrana,Calsadahay,0,0,0,0,0,67,,0,0,0,,
PH083700000,PH083741000,PH083741011,Leyte,IFRC,Pastrana,Guindapunan,0,0,0,0,0,34,,0,0,0,,
PH083700000,PH083741000,PH083741022,Leyte,IFRC,Pastrana,District 1 (Pob.),0,0,0,0,0,18,,0,0,0,,
PH083700000,PH083741000,PH083741023,Leyte,IFRC,Pastrana,District 2 (Pob.),0,0,0,0,0,29,,0,0,0,,
PH083700000,PH083741000,PH083741025,Leyte,IFRC,Pastrana,District 4 (Pob.),0,0,0,0,0,49,,1,0,1,,
PH083700000,PH083741000,PH083741027,Leyte,IFRC,Pastrana,Socsocon,0,0,0,0,0,32,,0,0,0,,
PH083700000,PH083741000,PH083741028,Leyte,IFRC,Pastrana,Tingib,0,0,0,0,0,43,,0,0,0,,
PH083700000,PH083741000,PH083741029,Leyte,IFRC,Pastrana,Yapad,0,0,0,0,0,88,,0,0,0,,
PH083700000,PH083742000,PH083742001,Leyte,Australian Red Cross,San Isidro,Banat-e,216,214,214,216,214,25,0,0,0,0,0,0
PH083700000,PH083742000,PH083742003,Leyte,Australian Red Cross,San Isidro,Basud,255,242,242,242,242,25,0,0,0,0,0,0
PH083700000,PH083742000,PH083742004,Leyte,Australian Red Cross,San Isidro,Bawod (Pob.),29,29,29,29,29,0,0,0,0,0,0,0
PH083700000,PH083742000,PH083742005,Leyte,Australian Red Cross,San Isidro,Biasong,196,196,196,196,196,0,0,0,0,0,0,0
PH083700000,PH083742000,PH083742006,Leyte,Australian Red Cross,San Isidro,Bunacan,36,36,36,36,36,15,,0,0,0,,
PH083700000,PH083742000,PH083742008,Leyte,Australian Red Cross,San Isidro,Cabungaan,93,92,92,91,92,8,,0,0,0,,
PH083700000,PH083742000,PH083742009,Leyte,Australian Red Cross,San Isidro,Capiñahan (Pob.),73,73,73,73,73,22,,21,21,0,,
PH083700000,PH083742000,PH083742010,Leyte,Australian Red Cross,San Isidro,Crossing (Pob.),149,149,148,149,148,36,0,2,2,0,0,0
PH083700000,PH083742000,PH083742011,Leyte,Australian Red Cross,San Isidro,Daja-daku,70,68,69,69,69,26,,0,0,0,,
PH083700000,PH083742000,PH083742012,Leyte,Australian Red Cross,San Isidro,Daja-diot,5,5,5,5,5,12,,0,0,0,,
PH083700000,PH083742000,PH083742013,Leyte,Australian Red Cross,San Isidro,Hacienda Maria,101,101,100,101,100,31,,0,0,0,,
PH083700000,PH083742000,PH083742014,Leyte,Australian Red Cross,San Isidro,Linao,91,90,89,91,89,13,,13,13,0,,
PH083700000,PH083742000,PH083742015,Leyte,Australian Red Cross,San Isidro,Matungao,8,8,8,8,8,0,,,0,0,,
PH083700000,PH083742000,PH083742017,Leyte,Australian Red Cross,San Isidro,Paril,42,40,41,42,41,22,0,0,0,0,0,0
PH083700000,PH083742000,PH083742018,Leyte,Australian Red Cross,San Isidro,San Jose,25,23,25,25,25,12,0,0,0,0,0,0
PH083700000,PH083742000,PH083742019,Leyte,Australian Red Cross,San Isidro,Taglawigan,63,63,63,63,63,0,,,0,0,,
PH083700000,PH083742000,PH083742020,Leyte,Australian Red Cross,San Isidro,Tinago,29,29,29,29,29,0,,,0,0,,
PH083700000,PH083742000,PH083742021,Leyte,Australian Red Cross,San Isidro,Busay,201,201,195,201,195,22,,20,0,0,,
PH083700000,PH083742000,PH083742022,Leyte,Australian Red Cross,San Isidro,San Miguel,34,34,34,35,34,13,0,2,2,0,0,0
PH083700000,PH083743000,PH083743002,Leyte,IFRC,San Miguel,Bahay,145,143,143,143,143,0,,0,0,0,,
PH083700000,PH083743000,PH083743004,Leyte,IFRC,San Miguel,Cabatianuhan,79,77,77,77,77,82,,82,0,81,,
PH083700000,PH083743000,PH083743005,Leyte,IFRC,San Miguel,Canap,75,75,75,75,75,28,,28,0,28,,
PH083700000,PH083743000,PH083743007,Leyte,IFRC,San Miguel,Caraycaray,49,49,49,49,49,17,,17,0,17,,
PH083700000,PH083743000,PH083743010,Leyte,IFRC,San Miguel,Guinciaman,118,118,117,118,117,32,,32,0,31,,
PH083700000,PH083743000,PH083743011,Leyte,IFRC,San Miguel,Impo,29,29,29,27,29,10,,10,0,10,,
PH083700000,PH083743000,PH083743012,Leyte,IFRC,San Miguel,Kinalumsan,33,32,32,32,32,8,,8,0,8,,
PH083700000,PH083743000,PH083743018,Leyte,IFRC,San Miguel,Patong,27,27,27,27,27,15,,15,0,15,,
PH083700000,PH083743000,PH083743020,Leyte,IFRC,San Miguel,San Andres,39,36,36,36,36,24,,24,0,24,,
PH083700000,PH083743000,PH083743022,Leyte,IFRC,San Miguel,Santol,48,48,48,48,48,36,,36,0,18,,
PH083700000,PH083744000,PH083744003,Leyte,IFRC,Santa Fe,Bulod,0,0,0,0,0,26,,0,0,0,,
PH083700000,PH083744000,PH083744006,Leyte,IFRC,Santa Fe,Milagrosa,0,0,0,0,0,50,,0,0,0,,
PH083700000,PH083744000,PH083744007,Leyte,IFRC,Santa Fe,Pilit,0,0,0,0,0,126,,0,0,0,,
PH083700000,PH083744000,PH083744009,Leyte,IFRC,Santa Fe,Zone 1 (Pob.),0,0,0,0,0,41,,0,0,0,,
PH083700000,PH083744000,PH083744012,Leyte,IFRC,Santa Fe,San Isidro,0,0,0,0,0,121,,0,0,0,,
PH083700000,PH083744000,PH083744015,Leyte,IFRC,Santa Fe,San Roque,0,0,0,0,0,144,,0,0,0,,
PH083700000,PH083744000,PH083744016,Leyte,IFRC,Santa Fe,Tibak,0,0,0,0,0,112,,0,0,0,,
PH083700000,PH083744000,PH083744019,Leyte,IFRC,Santa Fe,Gapas,0,0,0,0,0,60,,0,0,0,,
PH083700000,PH083744000,PH083744020,Leyte,IFRC,Santa Fe,Zone 4 Pob. (Cabangcalan),0,0,0,0,0,60,,0,0,0,,
PH083700000,PH083745000,PH083745004,Leyte,Australian Red Cross,Tabango,Campokpok,213,213,208,213,208,55,0,0,0,0,0,0
PH083700000,PH083745000,PH083745006,Leyte,Australian Red Cross,Tabango,Gimarco,274,273,270,274,270,0,,,0,0,,
PH083700000,PH083745000,PH083745008,Leyte,Australian Red Cross,Tabango,Inangatan,241,239,230,241,230,0,0,0,0,0,0,0
PH083700000,PH083745000,PH083745009,Leyte,Australian Red Cross,Tabango,Manlawaan,0,0,0,0,0,46,,26,23,0,,
PH083700000,PH083745000,PH083745010,Leyte,Australian Red Cross,Tabango,Omaganhan,197,197,192,197,192,43,0,0,0,0,0,0
PH083700000,PH083745000,PH083745011,Leyte,Australian Red Cross,Tabango,Poblacion,0,0,0,0,0,22,,2,2,0,,
PH083700000,PH083746000,PH083746001,Leyte,IFRC,Tabontabon,Amandangay,82,82,82,84,82,31,,29,0,29,,0
PH083700000,PH083746000,PH083746002,Leyte,IFRC,Tabontabon,Aslum,57,57,56,57,56,0,,0,0,0,,0
PH083700000,PH083746000,PH083746003,Leyte,IFRC,Tabontabon,Balingasag,114,110,109,111,109,11,,11,0,11,,
PH083700000,PH083746000,PH083746004,Leyte,IFRC,Tabontabon,Belisong,54,54,54,54,54,47,,48,0,41,,
PH083700000,PH083746000,PH083746005,Leyte,IFRC,Tabontabon,Cambucao,30,30,28,30,28,11,,11,0,11,,
PH083700000,PH083746000,PH083746006,Leyte,IFRC,Tabontabon,Capahuan,123,124,121,123,121,92,0,4,0,4,0,
PH083700000,PH083746000,,Leyte,PRC-Citibank,Tabontabon,Capahuan,,,,,,,,88,,88,,
PH083700000,PH083746000,PH083746007,Leyte,IFRC,Tabontabon,Guingawan,118,117,116,117,116,2,,2,0,2,,
PH083700000,PH083746000,PH083746008,Leyte,IFRC,Tabontabon,Jabong,82,84,84,85,84,65,,60,0,32,,
PH083700000,PH083746000,PH083746009,Leyte,IFRC,Tabontabon,Mercadohay,146,128,127,118,127,61,,64,0,64,,
PH083700000,PH083746000,PH083746010,Leyte,IFRC,Tabontabon,Mering,62,67,67,67,67,172,0,60,0,60,0,0
PH083700000,PH083746000,,Leyte,PRC-Citibank,Tabontabon,Mering,,,,,,,,112,,112,,
PH083700000,PH083746000,PH083746011,Leyte,IFRC,Tabontabon,Mohon,48,49,47,51,47,14,,14,0,14,,
PH083700000,PH083746000,PH083746013,Leyte,IFRC,Tabontabon,District I Pob. (Quezon),68,60,60,62,60,78,,76,0,76,,0
PH083700000,PH083746000,PH083746014,Leyte,IFRC,Tabontabon,District II Pob. (Rizal),56,55,53,55,53,69,0,69,0,69,0,0
PH083700000,PH083746000,PH083746015,Leyte,IFRC,Tabontabon,District III Pob. (Bonifacio),62,57,56,57,56,34,0,30,0,30,0,0
PH083700000,PH083746000,PH083746016,Leyte,IFRC,Tabontabon,District IV Pob. (Macarthur),70,65,65,66,65,71,0,72,0,72,0,0
PH083700000,PH083746000,PH083746017,Leyte,IFRC,Tabontabon,San Pablo (Mooc),78,94,93,94,93,76,,86,0,86,,
PH083700000,PH083747000,PH083747022,Leyte,American Red Cross,Tacloban City (Capital),Barangay 103-A (San Paglaum),0,0,0,0,0,36,,18,0,15,,
PH083700000,PH083747000,PH083747061,Leyte,American Red Cross,Tacloban City (Capital),Barangay 37-A,0,0,0,0,0,54,,4,0,3,,
PH083700000,PH083747000,PH083747095,Leyte,American Red Cross,Tacloban City (Capital),Barangay 65,,,,,,,,,,,,
PH083700000,PH083747000,PH083747110,Leyte,American Red Cross,Tacloban City (Capital),Barangay 79 (Marasbaras),0,0,0,0,0,29,0,6,0,5,0,0
PH083700000,PH083747000,PH083747124,Leyte,Qatar Red Crescent Society,Tacloban City (Capital),Barangay 91 (Abucay),,,,,,26,,18,,18,,
PH083700000,PH083747000,PH083747125,Leyte,Qatar Red Crescent Society,Tacloban City (Capital),Barangay 92 (Apitong),,,,,,23,,23,,23,,
PH083700000,PH083747000,PH083747127,Leyte,AusAID,Tacloban City (Capital),Barangay 93 (Bagacay),0,0,0,0,0,154,0,135,0,135,0,0
PH083700000,PH083747000,PH083747133,Leyte,Qatar Red Crescent Society,Tacloban City (Capital),Barangay 99 (Diit),0,0,0,0,0,115,,113,0,90,,
PH083700000,PH083747000,PH083747151,Leyte,American Red Cross,Tacloban City (Capital),Barangay 83-C (San Jose),0,0,0,0,0,46,,3,0,1,,
PH083700000,PH083747000,#N/A,Leyte,IFRC,Tacloban City (Capital),Abucay,,0,0,0,0,26,,0,0,0,,
PH083700000,PH083747000,,Leyte,IFRC,Tacloban City (Capital),Apitong,,0,0,0,0,23,,0,0,0,,
PH083700000,PH083747000,,Leyte,IFRC,Tacloban City (Capital),Brgy. 96 Calanipawan,,,,,,152,,5,0,5,,
PH083700000,PH083747000,,Leyte,IFRC,Tacloban City (Capital),Cabalawan,,0,0,0,0,47,,0,0,0,,
PH083700000,PH083747000,,Leyte,IFRC,Tacloban City (Capital),Camansihay,,0,0,0,0,148,,0,0,0,,
PH083700000,PH083747000,,Leyte,IFRC,Tacloban City (Capital),Diit,,0,0,0,0,115,,0,0,0,,
PH083700000,PH083747000,,Leyte,IFRC,Tacloban City (Capital),New Kawayan,,0,0,0,0,11,,0,0,0,,
PH083700000,PH083747000,,Leyte,IFRC,Tacloban City (Capital),San Isidro,,0,0,0,0,14,,0,0,0,,
PH083700000,PH083747000,,Leyte,IFRC,Tacloban City (Capital),Sta. Elena,,0,0,0,0,189,,0,0,0,,
PH083700000,PH083747000,,Leyte,IFRC,Tacloban City (Capital),Tagporo,,0,0,0,0,61,,0,0,0,,
PH083700000,PH083747000,,Leyte,IFRC,Tacloban City (Capital),Tigbao,,0,0,0,0,4,,0,0,0,,
PH083700000,PH083747000,,Leyte,IFRC,Tacloban City (Capital),Utap,0,0,,,,36,,0,0,0,,
PH083700000,PH083747000,,Leyte,Qatar Red Crescent Society,Tacloban City (Capital),Barangay Cabalawan,,,,,,47,,,,,,
PH083700000,PH083747000,,Leyte,Qatar Red Crescent Society,Tacloban City (Capital),Barangay Camansihay,,,,,,148,,,,,,
PH083700000,PH083747000,,Leyte,Qatar Red Crescent Society,Tacloban City (Capital),Barangay New Kawayan,,,,,,11,,,,,,
PH083700000,PH083747000,,Leyte,Qatar Red Crescent Society,Tacloban City (Capital),Barangay San Isidro,,,,,,14,,,,,,
PH083700000,PH083747000,,Leyte,Qatar Red Crescent Society,Tacloban City (Capital),Barangay Sta. Elena,0,0,0,0,0,189,,15,0,0,,
PH083700000,PH083747000,,Leyte,Qatar Red Crescent Society,Tacloban City (Capital),Barangay Tagporo,,,,,,61,,,,,,
PH083700000,PH083747000,,Leyte,Qatar Red Crescent Society,Tacloban City (Capital),Barangay Tigbao,,,,,,4,,4,,4,,
PH083700000,PH083749000,PH083749001,Leyte,Spanish Red Cross,Tolosa,Burak,82,82,82,82,82,58,0,58,58,0,0,0
PH083700000,PH083749000,PH083749002,Leyte,Spanish Red Cross,Tolosa,Canmogsay,1,1,1,1,1,1,0,1,1,0,0,
PH083700000,PH083749000,PH083749003,Leyte,Spanish Red Cross,Tolosa,Cantariwis,0,0,0,0,0,5,,4,4,0,,
PH083700000,PH083749000,PH083749004,Leyte,Spanish Red Cross,Tolosa,Capangihan,2,2,2,2,2,47,,45,45,0,,
PH083700000,PH083749000,PH083749005,Leyte,Spanish Red Cross,Tolosa,Malbog,3,3,3,3,3,0,0,0,0,0,0,0
PH083700000,PH083749000,PH083749006,Leyte,Spanish Red Cross,Tolosa,Olot,0,0,0,0,0,16,,14,14,0,,
PH083700000,PH083749000,PH083749007,Leyte,Spanish Red Cross,Tolosa,Opong,218,218,218,218,218,140,0,134,134,0,0,0
PH083700000,PH083749000,PH083749008,Leyte,Spanish Red Cross,Tolosa,Poblacion,117,117,113,117,113,35,0,30,30,0,0,0
PH083700000,PH083749000,PH083749009,Leyte,Spanish Red Cross,Tolosa,Quilao,29,29,27,29,27,41,0,32,31,0,0,0
PH083700000,PH083749000,PH083749010,Leyte,Spanish Red Cross,Tolosa,San Roque,376,376,375,376,375,72,0,70,70,0,0,0
PH083700000,PH083749000,PH083749011,Leyte,Spanish Red Cross,Tolosa,San Vicente,75,75,74,75,74,84,0,82,82,0,0,0
PH083700000,PH083749000,PH083749012,Leyte,Spanish Red Cross,Tolosa,Tanghas,26,26,26,26,26,10,0,10,10,0,0,0
PH083700000,PH083749000,PH083749013,Leyte,Spanish Red Cross,Tolosa,Telegrafo,99,99,99,99,99,18,0,10,10,0,0,
PH083700000,PH083749000,PH083749014,Leyte,Spanish Red Cross,Tolosa,Doña Brigida,159,159,158,159,158,189,0,189,189,0,0,0
PH083700000,PH083749000,PH083749015,Leyte,Spanish Red Cross,Tolosa,Imelda,69,69,68,69,68,34,0,34,34,0,0,0
PH083700000,PH083750000,PH083750006,Leyte,IFRC,Tunga,San Roque,47,46,46,48,46,24,0,0,0,0,0,0
PH083700000,PH083750000,PH083750007,Leyte,IFRC,Tunga,San Vicente (Pob.),49,47,47,44,47,35,0,0,0,0,0,0
PH086000000,PH086002000,PH086002001,Samar (Western Samar),Spanish Red Cross,Basey,Amandayehan,36,36,36,36,36,137,0,137,137,0,0,0
PH086000000,PH086002000,PH086002002,Samar (Western Samar),Spanish Red Cross,Basey,Anglit,26,26,26,26,26,74,,74,74,,,
PH086000000,PH086002000,PH086002003,Samar (Western Samar),Spanish Red Cross,Basey,Bacubac,67,67,65,67,65,110,0,110,110,0,0,0
PH086000000,PH086002000,PH086002005,Samar (Western Samar),Spanish Red Cross,Basey,Basiao,36,36,36,36,36,174,0,174,174,0,0,0
PH086000000,PH086002000,PH086002010,Samar (Western Samar),ICRC,Basey,Cancaiyas,0,0,0,0,0,22,0,22,22,0,0,0
PH086000000,PH086002000,PH086002011,Samar (Western Samar),ICRC,Basey,Canmanila,0,0,0,0,0,59,0,59,59,0,0,0
PH086000000,PH086002000,PH086002012,Samar (Western Samar),Spanish Red Cross,Basey,Catadman,24,24,24,24,24,91,0,91,91,0,0,0
PH086000000,PH086002000,PH086002013,Samar (Western Samar),ICRC,Basey,Cogon,0,0,0,0,0,69,0,69,69,0,0,0
PH086000000,PH086002000,PH086002015,Samar (Western Samar),ICRC,Basey,Guintigui-an,0,0,0,0,0,32,0,32,32,0,0,0
PH086000000,PH086002000,PH086002016,Samar (Western Samar),ICRC,Basey,Guirang,,,,,,40,,40,40,,,
PH086000000,PH086002000,PH086002017,Samar (Western Samar),ICRC,Basey,Balante,,,,,,27,,27,27,,,
PH086000000,PH086002000,PH086002018,Samar (Western Samar),Spanish Red Cross,Basey,Iba,47,47,47,47,47,83,,83,83,,,
PH086000000,PH086002000,PH086002019,Samar (Western Samar),ICRC,Basey,Inuntan,,,,,,10,,10,10,,,
PH086000000,PH086002000,PH086002021,Samar (Western Samar),ICRC,Basey,Loog,,,,,,47,,47,47,,,
PH086000000,PH086002000,PH086002022,Samar (Western Samar),ICRC,Basey,Mabini,,,,,,23,,23,23,,,
PH086000000,PH086002000,PH086002023,Samar (Western Samar),Spanish Red Cross,Basey,Magallanes,39,38,38,38,38,97,0,97,97,0,0,0
PH086000000,PH086002000,PH086002025,Samar (Western Samar),ICRC,Basey,Del Pilar,,,,,,35,,35,35,,,
PH086000000,PH086002000,PH086002027,Samar (Western Samar),ICRC,Basey,Mongabong,,,,,,19,,19,19,,,
PH086000000,PH086002000,PH086002028,Samar (Western Samar),ICRC,Basey,New San Agustin,0,0,0,0,0,27,0,27,27,0,0,0
PH086000000,PH086002000,,Samar (Western Samar),Spanish Red Cross,Basey,New San Agustin,13,13,13,13,13,0,0,0,0,0,0,0
PH086000000,PH086002000,PH086002029,Samar (Western Samar),Spanish Red Cross,Basey,Balud (Nouvelas Occidental),35,35,35,35,35,188,0,188,188,0,0,0
PH086000000,PH086002000,PH086002030,Samar (Western Samar),Spanish Red Cross,Basey,San Fernando (Nouvelas Oriental),92,92,92,66,92,99,0,99,99,0,0,0
PH086000000,PH086002000,PH086002031,Samar (Western Samar),Spanish Red Cross,Basey,Old San Agustin,93,93,93,93,93,0,0,0,0,0,0,0
PH086000000,PH086002000,PH086002041,Samar (Western Samar),ICRC,Basey,Roxas,0,0,0,0,0,47,0,47,47,0,0,0
PH086000000,PH086002000,PH086002043,Samar (Western Samar),Spanish Red Cross,Basey,San Antonio,62,62,61,62,61,86,0,86,86,0,0,0
PH086000000,PH086002000,PH086002045,Samar (Western Samar),Spanish Red Cross,Basey,Serum,48,48,48,48,48,101,0,101,101,0,0,0
PH086000000,PH086002000,PH086002046,Samar (Western Samar),Spanish Red Cross,Basey,Sugca,19,19,18,19,18,12,0,12,12,0,0,0
PH086000000,PH086002000,PH086002048,Samar (Western Samar),Spanish Red Cross,Basey,Tinaogan,8,8,8,8,8,26,0,26,26,0,0,0
PH086000000,PH086002000,PH086002049,Samar (Western Samar),Spanish Red Cross,Basey,Tingib,51,51,50,51,51,162,0,162,162,0,0,0
PH086000000,PH086002000,PH086002050,Samar (Western Samar),ICRC,Basey,Villa Aurora,0,0,0,0,0,23,0,23,23,0,0,0
PH086000000,PH086002000,PH086002051,Samar (Western Samar),Spanish Red Cross,Basey,Binongtu-an,32,32,32,32,32,47,0,47,47,0,0,0
PH086000000,PH086002000,PH086002052,Samar (Western Samar),ICRC,Basey,Bulao,0,0,0,0,0,62,0,62,62,0,0,0
PH086000000,PH086002000,#N/A,Samar (Western Samar),ICRC,Basey,Bagtic,0,0,0,0,0,17,0,17,17,0,0,0
PH086000000,PH086002000,,Samar (Western Samar),ICRC,Basey,Binogho,0,0,0,0,0,9,0,9,9,0,0,0
PH086000000,PH086002000,,Samar (Western Samar),ICRC,Basey,Burabod,0,0,0,0,0,9,0,9,7,0,0,0
PH086000000,PH086010000,PH086010001,Samar (Western Samar),Spanish Red Cross,Marabut,Amambucale,,,,,,,,,,,,
PH086000000,PH086010000,PH086010002,Samar (Western Samar),Spanish Red Cross,Marabut,Caluwayan,26,26,26,26,26,115,0,115,115,0,0,0
PH086000000,PH086010000,PH086010005,Samar (Western Samar),Spanish Red Cross,Marabut,Legaspi,65,65,65,65,65,116,0,116,116,0,0,0
PH086000000,PH086010000,PH086010006,Samar (Western Samar),ICRC,Marabut,Logero,,,,,,52,,52,52,,,
PH086000000,PH086010000,PH086010008,Samar (Western Samar),ICRC,Marabut,Pinalanga,,,,,,82,,82,82,,,
PH086000000,PH086010000,PH086010009,Samar (Western Samar),Spanish Red Cross,Marabut,Pinamitinan (Pob.),8,8,8,7,8,19,0,19,19,0,0,0
PH086000000,PH086010000,PH086010010,Samar (Western Samar),ICRC,Marabut,Catato Pob. (Dist. I),,,,,,19,,19,19,,,
PH086000000,PH086010000,PH086010011,Samar (Western Samar),Spanish Red Cross,Marabut,San Roque,64,64,64,64,64,104,0,104,104,0,0,0
PH086000000,PH086010000,PH086010012,Samar (Western Samar),ICRC,Marabut,Santo Niño Pob. (Dist. II),,,,,,20,,20,20,,,
PH086000000,PH086010000,PH086010013,Samar (Western Samar),ICRC,Marabut,Tagalag,0,0,0,0,0,68,0,68,68,0,0,0
PH086000000,PH086010000,PH086010014,Samar (Western Samar),ICRC,Marabut,Tinabanan,0,0,0,0,0,97,0,97,97,0,0,0
PH086000000,PH086010000,PH086010016,Samar (Western Samar),Spanish Red Cross,Marabut,Binukyahan,8,8,8,8,8,46,0,46,46,0,0,0
PH086000000,PH086010000,PH086010018,Samar (Western Samar),ICRC,Marabut,Mabuhay,0,0,0,0,0,48,0,48,48,0,0,0
PH086000000,PH086010000,PH086010020,Samar (Western Samar),Spanish Red Cross,Marabut,Odoc,1,1,1,1,1,10,0,10,10,0,0,0
PH086000000,PH086010000,PH086010021,Samar (Western Samar),ICRC,Marabut,Panan-awan,,,,,,85,,85,85,,,
PH086000000,PH086010000,PH086010022,Samar (Western Samar),ICRC,Marabut,Roño,,,,,,16,,16,16,,,
PH086000000,PH086010000,PH086010023,Samar (Western Samar),Spanish Red Cross,Marabut,Santa Rita,84,84,83,84,83,31,0,31,31,0,0,0
PH086000000,PH086010000,PH086010024,Samar (Western Samar),Spanish Red Cross,Marabut,Veloso,18,18,18,18,18,72,0,72,72,0,0,0
PH086000000,PH086010000,#N/A,Samar (Western Samar),ICRC,Marabut,Sitio 22 (Tinabanan),0,0,0,0,0,64,0,64,64,,,
PH175300000,PH175307000,PH175307001,Palawan,Bahrain Red Crescent,Busuanga,Bogtong,,,,,,45,,7,7,,,8
PH175300000,PH175307000,,Palawan,Swiss Red Cross,Busuanga,Bogtong,37,37,,,,0,,,,,,
PH175300000,PH175307000,PH175307002,Palawan,Bahrain Red Crescent,Busuanga,Buluang,,,,,,,,,,,,8
PH175300000,PH175307000,,Palawan,Swiss Red Cross,Busuanga,Buluang,110,,,,,0,,,,,,
PH175300000,PH175307000,PH175307006,Palawan,Bahrain Red Crescent,Busuanga,Maglalambay,,,,,,124,,4,4,,,8
PH175300000,PH175307000,,Palawan,Swiss Red Cross,Busuanga,Maglalambay,65,,,,,0,,,,,,
PH175300000,PH175307000,PH175307013,Palawan,Bahrain Red Crescent,Busuanga,San Isidro,,,,,,64,,3,3,,,8
PH175300000,PH175307000,,Palawan,Swiss Red Cross,Busuanga,San Isidro,54,,,,,0,,,,,,
PH175300000,PH175307000,PH175307014,Palawan,Bahrain Red Crescent,Busuanga,San Rafael,,,,,,,,,,,,8
PH175300000,PH175307000,,Palawan,Swiss Red Cross,Busuanga,San Rafael,5,,,,,0,,,,,,
PH175300000,PH175309000,PH175309006,Palawan,Swiss Red Cross,Coron,Cabugao,40,38,,,,85,,2,2,,,15
PH175300000,PH175309000,PH175309009,Palawan,Swiss Red Cross,Coron,Decalachao,16,15,,,,56,,2,2,,,15
