Admin2,Admin3,Admin4,Province,Partner,Municipality,Barangay,HH Support Beneficiaries Selected,First Installment,Second Installment,Individualls trained on Short Term Livelihood training,Number of trainings conducted on Short Term Livelihood training,Skills Dev Trainees Selected,Training Started,Training Completed,Trainees Placed,Individuals Selected for Enterprise Development,Group Selected for Enterprise Development,Individual Submitted Business Plan,Group Submitted Business Plans,Enterprise Support Completed - Individuals (cash transferred),Enterprise Support Completed - Group (cash transferred),Comm Proposals Submitted,Support Initiated,Project Turnover
PH060400000,PH060401000,PH060401001,Aklan,IFRC,Altavas,Cabangila,83,80,78,,,,,,,,,,,,,,,
PH060400000,PH060401000,PH060401002,Aklan,IFRC,Altavas,Cabugao,173,169,169,,,,,,,,,,,,,,,
PH060400000,PH060401000,PH060401003,Aklan,IFRC,Altavas,Catmon,99,94,91,,,5,5,,,,,,,,,,,
PH060400000,PH060401000,PH060401004,Aklan,IFRC,Altavas,Dalipdip,43,40,39,,,,,,,,,,,,,,,
PH060400000,PH060401000,PH060401007,Aklan,IFRC,Altavas,Lumaynay,136,136,134,,,4,4,1,1,,1,,,,,1,,
PH060400000,PH060401000,PH060401009,Aklan,IFRC,Altavas,Man-up,105,102,101,,,,,,,,,,,,,,,
PH060400000,PH060401000,PH060401010,Aklan,IFRC,Altavas,Odiong,223,217,217,,,3,3,1,1,,1,,,,,0,,
PH060400000,PH060401000,PH060401012,Aklan,IFRC,Altavas,Quinasay-an,56,39,39,,,,,,,,,,,,,,,
PH060400000,PH060401000,PH060401013,Aklan,IFRC,Altavas,Talon,86,78,77,,,,,,,,,,,,,,,
PH060400000,PH060401000,PH060401014,Aklan,IFRC,Altavas,Tibiao,65,61,61,,,1,1,,,,,,,,,,,
PH060400000,PH060402000,PH060402001,Aklan,Spanish Red Cross,Balete,Aranas,303,303,298,228,1,7,,,,,,,,,,,,
PH060400000,PH060402000,PH060402002,Aklan,Spanish Red Cross,Balete,Arcangel,178,178,162,142,1,,,,,,,,,,,,,
PH060400000,PH060402000,PH060402004,Aklan,Spanish Red Cross,Balete,Calizo,289,289,284,217,1,4,,,,,,,,,,,,
PH060400000,PH060402000,PH060402005,Aklan,Spanish Red Cross,Balete,Cortes,209,209,201,163,1,2,,,,,,,,,,,,
PH060400000,PH060402000,PH060402006,Aklan,Spanish Red Cross,Balete,Feliciano,211,211,207,180,1,3,,,,,,,,,,,,
PH060400000,PH060402000,PH060402007,Aklan,Spanish Red Cross,Balete,Fulgencio,182,182,178,153,1,2,,,,,,,,,,,,
PH060400000,PH060402000,PH060402008,Aklan,Spanish Red Cross,Balete,Guanko,82,82,78,73,1,,,,,,,,,,,,,
PH060400000,PH060402000,PH060402009,Aklan,Spanish Red Cross,Balete,Morales,230,230,210,185,1,1,,,,,,,,,,,,
PH060400000,PH060402000,PH060402010,Aklan,Spanish Red Cross,Balete,Oquendo,58,58,49,52,1,2,,,,,,,,,,,,
PH060400000,PH060402000,PH060402011,Aklan,Spanish Red Cross,Balete,Poblacion,7,7,7,,1,3,,,,,,,,,,,,
PH060400000,PH060403000,PH060403001,Aklan,IFRC,Banga,Agbanawan,61,56,56,,,5,5,,,,,,,,,,,
PH060400000,PH060403000,PH060403003,Aklan,IFRC,Banga,Badiangan,82,80,80,,,5,5,,,,,,,,,,,
PH060400000,PH060403000,PH060403005,Aklan,IFRC,Banga,Cupang,42,42,42,,,,,,,,,,,,,,,
PH060400000,PH060403000,PH060403006,Aklan,IFRC,Banga,Daguitan,32,28,28,,,,,,,,,,,,,,,
PH060400000,PH060403000,PH060403007,Aklan,IFRC,Banga,Daja Norte,56,52,52,,,6,6,,,,1,,,,,1,,
PH060400000,PH060403000,PH060403008,Aklan,IFRC,Banga,Daja Sur,72,64,64,,,3,3,,,,1,,,,,1,,
PH060400000,PH060403000,PH060403009,Aklan,IFRC,Banga,Dingle,120,105,105,,,4,4,,,,,,,,,,,
PH060400000,PH060403000,PH060403012,Aklan,IFRC,Banga,Libas,46,46,46,,,2,2,1,1,,,,,,,,,
PH060400000,PH060403000,PH060403014,Aklan,IFRC,Banga,Mambog,132,130,130,,,5,5,1,1,,,,,,,,,
PH060400000,PH060403000,PH060403015,Aklan,IFRC,Banga,Mangan,127,125,125,,,,,,,,,,,,,,,
PH060400000,PH060403000,PH060403016,Aklan,IFRC,Banga,Muguing,51,50,50,,,,,,,,,,,,,,,
PH060400000,PH060403000,PH060403017,Aklan,IFRC,Banga,Pagsanghan,135,108,108,,,,,,,,,,,,,,,
PH060400000,PH060403000,PH060403018,Aklan,IFRC,Banga,Palale,34,34,34,,,,,,,,,,,,,,,
PH060400000,PH060403000,PH060403020,Aklan,IFRC,Banga,Polo,39,39,39,,,4,4,,,,,,,,,,,
PH060400000,PH060403000,PH060403021,Aklan,IFRC,Banga,Polocate,150,150,150,,,3,3,1,1,,,,,,,,,
PH060400000,PH060403000,PH060403022,Aklan,IFRC,Banga,San Isidro,31,28,28,,,,,,,,,,,,,,,
PH060400000,PH060403000,PH060403023,Aklan,IFRC,Banga,Sibalew,66,65,65,,,4,4,,,,,,,,,,,
PH060400000,PH060403000,PH060403024,Aklan,IFRC,Banga,Sigcay,50,50,50,,,3,3,,,,,,,,,,,
PH060400000,PH060403000,PH060403025,Aklan,IFRC,Banga,Taba-ao,54,52,52,,,,,,,,,,,,,,,
PH060400000,PH060403000,PH060403026,Aklan,IFRC,Banga,Tabayon,96,96,96,,,,,,,,,,,,,,,
PH060400000,PH060403000,PH060403028,Aklan,IFRC,Banga,Torralba,101,98,98,,,,,,,,,,,,,,,
PH060400000,PH060403000,PH060403029,Aklan,IFRC,Banga,Ugsod,115,109,109,,,7,7,,,,,,,,,,,
PH060400000,PH060403000,PH060403030,Aklan,IFRC,Banga,Venturanza,28,27,27,,,,,,,,,,,,,,,
PH060400000,PH060409000,PH060409001,Aklan,Finnish Red Cross,Libacao,Agmailig,23,23,23,,,,,,,,,,,,,1,,
PH060400000,PH060409000,PH060409002,Aklan,Finnish Red Cross,Libacao,Alfonso XII,76,76,76,,,,,,,,,,,,,1,,
PH060400000,PH060409000,PH060409003,Aklan,Finnish Red Cross,Libacao,Batobato,15,15,15,,,,,,,,,,,,,1,,
PH060400000,PH060409000,PH060409004,Aklan,Finnish Red Cross,Libacao,Bonza,17,17,17,,,,,,,,,,,,,1,,
PH060400000,PH060409000,PH060409005,Aklan,Finnish Red Cross,Libacao,Calacabian,31,31,31,,,,,,,,,,,,,1,,
PH060400000,PH060409000,PH060409006,Aklan,Finnish Red Cross,Libacao,Calamcan,5,5,5,,,,,,,,,,,,,1,,
PH060400000,PH060409000,PH060409007,Aklan,Finnish Red Cross,Libacao,Can-Awan,25,25,25,,,,,,,,,,,,,1,,
PH060400000,PH060409000,PH060409008,Aklan,Finnish Red Cross,Libacao,Casit-an,19,19,19,,,,,,,,,,,,,1,,
PH060400000,PH060409000,PH060409010,Aklan,Finnish Red Cross,Libacao,Guadalupe,33,33,33,,,,,,,,,,,,,1,,
PH060400000,PH060409000,PH060409011,Aklan,Finnish Red Cross,Libacao,Janlud,76,76,76,,,,,,,,,,,,,1,,
PH060400000,PH060409000,PH060409012,Aklan,Finnish Red Cross,Libacao,Julita,64,64,64,,,,,,,,,,,,,1,,
PH060400000,PH060409000,PH060409013,Aklan,Finnish Red Cross,Libacao,Luctoga,80,79,79,,,,,,,,,,,,,1,,
PH060400000,PH060409000,PH060409014,Aklan,Finnish Red Cross,Libacao,Magugba,6,6,6,,,,,,,,,,,,,1,,
PH060400000,PH060409000,PH060409016,Aklan,Finnish Red Cross,Libacao,Ogsip,29,29,29,,,,,,,,,,,,,1,,
PH060400000,PH060409000,PH060409017,Aklan,Finnish Red Cross,Libacao,Ortega,28,28,28,,,,,,,,,,,,,1,,
PH060400000,PH060409000,PH060409019,Aklan,Finnish Red Cross,Libacao,Pampango,27,27,27,,,,,,,,,,,,,1,,
PH060400000,PH060409000,PH060409020,Aklan,Finnish Red Cross,Libacao,Pinonoy,24,24,24,,,,,,,,,,,,,1,,
PH060400000,PH060409000,PH060409022,Aklan,Finnish Red Cross,Libacao,Rivera,16,16,16,,,,,,,,,,,,,1,,
PH060400000,PH060409000,PH060409023,Aklan,Finnish Red Cross,Libacao,Rosal,59,59,59,,,,,,,,,,,,,1,,
PH060400000,PH060409000,PH060409024,Aklan,Finnish Red Cross,Libacao,Sibalew,17,17,17,,,,,,,,,,,,,1,,
PH060400000,PH060410000,PH060410001,Aklan,Spanish Red Cross,Madalag,Alaminos,49,49,49,39,1,2,,,,,,,,,,,,
PH060400000,PH060410000,PH060410002,Aklan,Spanish Red Cross,Madalag,Alas-as,51,51,50,45,1,2,,,,,,,,,,,,
PH060400000,PH060410000,PH060410003,Aklan,Spanish Red Cross,Madalag,Bacyang,67,67,67,59,1,3,,,,,,,,,,,,
PH060400000,PH060410000,PH060410004,Aklan,Spanish Red Cross,Madalag,Balactasan,27,27,25,21,1,1,,,,,,,,,,,,
PH060400000,PH060410000,PH060410005,Aklan,Spanish Red Cross,Madalag,Cabangahan,44,44,44,30,1,,,,,,,,,,,,,
PH060400000,PH060410000,PH060410006,Aklan,Spanish Red Cross,Madalag,Cabilawan,24,24,23,23,1,,,,,,,,,,,,,
PH060400000,PH060410000,PH060410007,Aklan,Spanish Red Cross,Madalag,Catabana,44,44,42,41,1,1,,,,,,,,,,,,
PH060400000,PH060410000,PH060410008,Aklan,Spanish Red Cross,Madalag,Dit-Ana,55,55,55,49,1,2,,,,,,,,,,,,
PH060400000,PH060410000,PH060410009,Aklan,Spanish Red Cross,Madalag,Galicia,27,27,27,19,1,,,,,,,,,,,,,
PH060400000,PH060410000,PH060410010,Aklan,Spanish Red Cross,Madalag,Guinatu-an,37,37,36,34,1,1,,,,,,,,,,,,
PH060400000,PH060410000,PH060410011,Aklan,Spanish Red Cross,Madalag,Logohon,47,47,45,43,1,2,,,,,,,,,,,,
PH060400000,PH060410000,PH060410012,Aklan,Spanish Red Cross,Madalag,Mamba,114,114,113,97,1,1,,,,,,,,,,,,
PH060400000,PH060410000,PH060410013,Aklan,Spanish Red Cross,Madalag,Maria Cristina,61,61,61,53,1,1,,,,,,,,,,,,
PH060400000,PH060410000,PH060410014,Aklan,Spanish Red Cross,Madalag,Medina,78,78,76,61,1,1,,,,,,,,,,,,
PH060400000,PH060410000,PH060410015,Aklan,Spanish Red Cross,Madalag,Mercedes,46,46,46,36,1,3,,,,,,,,,,,,
PH060400000,PH060410000,PH060410016,Aklan,Spanish Red Cross,Madalag,Napnot,42,42,40,35,1,1,,,,,,,,,,,,
PH060400000,PH060410000,PH060410017,Aklan,Spanish Red Cross,Madalag,Pang-Itan,62,62,58,54,1,2,,,,,,,,,,,,
PH060400000,PH060410000,PH060410018,Aklan,Spanish Red Cross,Madalag,Paningayan,76,76,75,65,1,1,,,,,,,,,,,,
PH060400000,PH060410000,PH060410019,Aklan,Spanish Red Cross,Madalag,Panipiason,46,46,45,40,1,,,,,,,,,,,,,
PH060400000,PH060410000,PH060410020,Aklan,Spanish Red Cross,Madalag,Poblacion,34,34,33,25,1,3,,,,,,,,,,,,
PH060400000,PH060410000,PH060410021,Aklan,Spanish Red Cross,Madalag,San Jose,91,91,90,77,1,1,,,,,,,,,,,,
PH060400000,PH060410000,PH060410022,Aklan,Spanish Red Cross,Madalag,Singay,26,26,22,25,1,,,,,,,,,,,,,
PH060400000,PH060410000,PH060410023,Aklan,Spanish Red Cross,Madalag,Talangban,48,48,44,41,1,2,,,,,,,,,,,,
PH060400000,PH060410000,PH060410024,Aklan,Spanish Red Cross,Madalag,Talimagao,37,37,32,27,1,1,,,,,,,,,,,,
PH060400000,PH060410000,PH060410025,Aklan,Spanish Red Cross,Madalag,Tigbawan,43,43,42,36,1,2,,,,,,,,,,,,
PH060400000,PH060415000,PH060415001,Aklan,IFRC,New Washington,Candelaria,36,36,33,,,,,,,,,,,,,,,
PH060400000,PH060415000,PH060415003,Aklan,IFRC,New Washington,Dumaguit,36,34,32,,,4,4,,,,,,,,,,,
PH060400000,PH060415000,PH060415005,Aklan,IFRC,New Washington,Guinbaliwan,150,143,142,,,3,3,1,1,,,,,,,,,
PH060400000,PH060415000,PH060415006,Aklan,IFRC,New Washington,Jalas,148,131,130,,,9,9,,,,1,,,,,0,,
PH060400000,PH060415000,PH060415015,Aklan,IFRC,New Washington,Puis,115,112,111,,,6,6,,,,,,,,,,,
PH060600000,PH060602000,PH060602002,Antique,IFRC,Barbaza,Baghari,40,40,40,,,,,,,,,,,,,,,
PH060600000,PH060602000,PH060602003,Antique,IFRC,Barbaza,Bahuyan,63,63,61,,,,,,,,,,,,,,,
PH060600000,PH060602000,PH060602004,Antique,IFRC,Barbaza,Beri,119,119,119,,,,,,,,,,,,,,,
PH060600000,PH060602000,PH060602007,Antique,IFRC,Barbaza,Binangbang Centro,77,77,74,,,,,,,,,,,,,,,
PH060600000,PH060602000,PH060602008,Antique,IFRC,Barbaza,Binanu-an,36,36,36,,,,,,,,,,,,,,,
PH060600000,PH060602000,PH060602009,Antique,IFRC,Barbaza,Cadiao,47,47,47,,,,,,,,,,,,,,,
PH060600000,PH060602000,PH060602012,Antique,IFRC,Barbaza,Cubay,66,66,66,,,,,,,,,,,,,,,
PH060600000,PH060602000,PH060602014,Antique,IFRC,Barbaza,Gua,82,82,82,,,,,,,,,,,,,,,
PH060600000,PH060602000,PH060602018,Antique,IFRC,Barbaza,Embrangga-an,23,23,23,,,,,,,,,,,,,,,
PH060600000,PH060602000,PH060602020,Antique,IFRC,Barbaza,Ipil,106,106,103,,,,,,,,,,,,,,,
PH060600000,PH060602000,PH060602021,Antique,IFRC,Barbaza,Jinalinan,152,152,148,,,,,,,,,,,,,,,
PH060600000,PH060602000,PH060602024,Antique,IFRC,Barbaza,Lisub,56,56,56,,,,,,,,,,,,,,,
PH060600000,PH060602000,PH060602030,Antique,IFRC,Barbaza,Mayos,10,10,9,,,,,,,,,,,,,,,
PH060600000,PH060602000,PH060602033,Antique,IFRC,Barbaza,Palma,136,136,132,,,,,,,,,,,,,,,
PH060600000,PH060602000,PH060602034,Antique,IFRC,Barbaza,Poblacion,128,128,128,,,4,4,,,,,,,,,,,
PH060600000,PH060602000,PH060602040,Antique,IFRC,Barbaza,Yapo,34,34,34,,,,,,,,,,,,,,,
PH060600000,PH060609000,PH060609002,Antique,IFRC,Laua-An,Banban,22,22,22,,,,,,,,,,,,,,,
PH060600000,PH060609000,PH060609004,Antique,IFRC,Laua-An,Cabariwan,40,40,40,,,3,3,1,1,,,,,,,,,
PH060600000,PH060609000,PH060609005,Antique,IFRC,Laua-An,Cadajug,136,136,136,,,,,,,,,,,,,,,
PH060600000,PH060609000,PH060609008,Antique,IFRC,Laua-An,Casit-an,111,111,111,,,,,,,,,,,,,,,
PH060600000,PH060609000,PH060609009,Antique,IFRC,Laua-An,Guinbanga-an,40,40,40,,,,,,,,,,,,,,,
PH060600000,PH060609000,PH060609011,Antique,IFRC,Laua-An,Guisijan,43,43,43,,,4,4,,,,,,,,,,,
PH060600000,PH060609000,PH060609012,Antique,IFRC,Laua-An,Igtadiao,29,29,29,,,,,,,,,,,,,,,
PH060600000,PH060609000,PH060609013,Antique,IFRC,Laua-An,Intao,48,48,48,,,9,9,2,2,,,,,,,,,
PH060600000,PH060609000,PH060609014,Antique,IFRC,Laua-An,Jaguikican,103,103,103,,,,,,,,,,,,,,,
PH060600000,PH060609000,PH060609021,Antique,IFRC,Laua-An,Lindero,113,113,113,,,,,,,,,,,,,,,
PH060600000,PH060609000,PH060609022,Antique,IFRC,Laua-An,Liya-liya,37,37,37,,,,,,,,,,,,,,,
PH060600000,PH060609000,PH060609026,Antique,IFRC,Laua-An,Maria,49,49,49,,,,,,,,,,,,,,,
PH060600000,PH060609000,PH060609027,Antique,IFRC,Laua-An,Mauno,29,29,29,,,,,,,,,,,,,,,
PH060600000,PH060609000,PH060609043,Antique,IFRC,Laua-An,Bagongbayan,42,42,42,,,4,4,,,,,,,,,,,
PH060600000,PH060611000,PH060611003,Antique,IFRC,Pandan,Bagumbayan,112,112,112,,,10,10,2,2,,,,,,,,,
PH060600000,PH060611000,PH060611004,Antique,IFRC,Pandan,BayBay,94,94,93,,,,,,,,,,,,,,,
PH060600000,PH060611000,PH060611005,Antique,IFRC,Pandan,Botbot,122,122,122,,,8,8,2,1,,,,,,,,,
PH060600000,PH060611000,PH060611008,Antique,IFRC,Pandan,Cabugao,47,47,47,,,,,,,,,,,,,,,
PH060600000,PH060611000,PH060611010,Antique,IFRC,Pandan,Carmen,23,23,23,,,,,,,,,,,,,,,
PH060600000,PH060611000,PH060611012,Antique,IFRC,Pandan,Dionela,69,69,69,,,,,,,,,,,,,,,
PH060600000,PH060611000,PH060611013,Antique,IFRC,Pandan,Dumrog,67,67,67,,,15,15,5,1,,,,,,,,,
PH060600000,PH060611000,PH060611015,Antique,IFRC,Pandan,Fragante,152,152,152,,,,,,,,,,,,,,,
PH060600000,PH060611000,PH060611017,Antique,IFRC,Pandan,Idiacacan,142,142,142,,,12,12,2,1,,,,,,,,,
PH060600000,PH060611000,PH060611018,Antique,IFRC,Pandan,Jinalinan,46,46,46,,,,,,,,,,,,,,,
PH060600000,PH060611000,PH060611019,Antique,IFRC,Pandan,Luhod-Bayang,60,60,60,,,,,,,,,,,,,,,
PH060600000,PH060611000,PH060611023,Antique,IFRC,Pandan,Nauring,137,137,137,,,,,,,,,,,,,,,
PH060600000,PH060611000,PH060611027,Antique,IFRC,Pandan,San Andres,61,61,61,,,,,,,,,,,,,,,
PH060600000,PH060611000,PH060611031,Antique,IFRC,Pandan,Santa Fe,151,151,151,,,10,10,,,,,,,,,,,
PH060600000,PH060611000,PH060611033,Antique,IFRC,Pandan,Talisay,128,128,128,,,,,,,,,,,,,,,
PH060600000,PH060611000,PH060611034,Antique,IFRC,Pandan,Tingib,56,56,56,,,,,,,,,,,,,,,
PH060600000,PH060615000,PH060615001,Antique,IFRC,Sebaste,Abiera,142,142,142,,,11,11,2,2,,,,,,,,,
PH060600000,PH060615000,PH060615002,Antique,IFRC,Sebaste,Aguila,90,90,90,,,,,,,,,,,,,,,
PH060600000,PH060615000,PH060615003,Antique,IFRC,Sebaste,Alegre,53,53,53,,,,,,,,,,,,,,,
PH060600000,PH060615000,PH060615004,Antique,IFRC,Sebaste,Aras-Asan,148,148,148,,,9,9,,,,,,,,,,,
PH060600000,PH060615000,PH060615006,Antique,IFRC,Sebaste,Callan,163,163,163,,,,,,,,,,,,,,,
PH060600000,PH060615000,PH060615007,Antique,IFRC,Sebaste,Nauhon,67,67,67,,,,,,,,,,,,,,,
PH060600000,PH060615000,PH060615008,Antique,IFRC,Sebaste,P. Javier,16,16,16,,,,,,,,,,,,,,,
PH060600000,PH060615000,PH060615010,Antique,IFRC,Sebaste,Idio,230,230,230,,,6,6,1,,,,,,,,,,
PH060600000,PH060617000,PH060617001,Antique,German Red Cross,Tibiao,Alegre,42,42,42,,,,,,,,,,,,,,,
PH060600000,PH060617000,PH060617004,Antique,German Red Cross,Tibiao,Castillo,24,24,24,,,,,,,,,,,,,,,
PH060600000,PH060617000,PH060617006,Antique,German Red Cross,Tibiao,Importante,129,129,129,,,,,,,,,,,,,,,
PH060600000,PH060617000,PH060617007,Antique,German Red Cross,Tibiao,La Paz,148,148,148,,,,,,,,,,,,,,,
PH060600000,PH060617000,PH060617009,Antique,German Red Cross,Tibiao,Martinez,340,340,339,,,,,,,,,,,,,,,
PH060600000,PH060617000,PH060617010,Antique,German Red Cross,Tibiao,Natividad,121,119,119,,,,,,,,,,,,,,,
PH060600000,PH060617000,PH060617014,Antique,German Red Cross,Tibiao,San Francisco Norte,225,225,223,,,,,,,,,,,,,,,
PH060600000,PH060617000,PH060617016,Antique,German Red Cross,Tibiao,San Isidro,118,117,117,,,,,,,,,,,,,,,
PH060600000,PH060617000,PH060617017,Antique,German Red Cross,Tibiao,Santa Ana,73,73,73,,,,,,,,,,,,,,,
PH060600000,PH060617000,PH060617020,Antique,German Red Cross,Tibiao,Tigbaboy,68,68,68,,,,,,,,,,,,,,,
PH061900000,PH061902000,PH061902002,Capiz,IFRC,Dao,Agtambi,59,59,59,,,,,,,,,,,,,,,
PH061900000,PH061902000,PH061902003,Capiz,IFRC,Dao,Agtanguay,89,89,89,,,,,,,,,,,,,,,
PH061900000,PH061902000,PH061902005,Capiz,IFRC,Dao,Bita,26,26,26,,,4,4,,,,,,,,,,,
PH061900000,PH061902000,PH061902007,Capiz,IFRC,Dao,Daplas,89,89,88,,,,,,,,,,,,,,,
PH061900000,PH061902000,PH061902012,Capiz,IFRC,Dao,Lacaron,157,157,157,,,,,,,,,,,,,,,
PH061900000,PH061902000,PH061902014,Capiz,IFRC,Dao,Manhoy,121,116,116,,,,,,,,,,,,,,,
PH061900000,PH061902000,PH061902015,Capiz,IFRC,Dao,Mapulang Bato,85,84,84,,,5,5,1,1,,,,,,,,,
PH061900000,PH061902000,PH061902016,Capiz,IFRC,Dao,Matagnop,201,194,194,,,,,,,,,,,,,,,
PH061900000,PH061902000,PH061902017,Capiz,IFRC,Dao,Nasunogan,185,185,185,,,33,33,4,4,,,,,,,,,
PH061900000,PH061902000,PH061902019,Capiz,IFRC,Dao,Poblacion Ilaya,91,88,86,,,,,,,,,,,,,,,
PH061900000,PH061902000,PH061902020,Capiz,IFRC,Dao,Quinabcaban,101,101,101,,,,,,,,,,,,,,,
PH061900000,PH061902000,#N/A,Capiz,IFRC,Dao,Ilas Norte,142,142,142,,,,,,,,,,,,,1,,
PH061900000,PH061903000,PH061903009,Capiz,German Red Cross,Dumalag,San Martin,29,29,29,,,,,,,,,,,,,,,
PH061900000,PH061903000,PH061903011,Capiz,German Red Cross,Dumalag,San Rafael,169,169,169,,,,,,,,,,,,,,,
PH061900000,PH061903000,PH061903018,Capiz,German Red Cross,Dumalag,Santo Angel,419,419,419,,,,,,,,,,,,,,,
PH061900000,PH061904000,PH061904003,Capiz,German Red Cross,Dumarao,Aglanot,264,264,264,,,,,,,,,,,,,,,
PH061900000,PH061904000,PH061904006,Capiz,German Red Cross,Dumarao,Agsirab,112,112,112,,,,,,,,,,,,,,,
PH061900000,PH061904000,PH061904011,Capiz,German Red Cross,Dumarao,Calapawan,175,175,175,90,2,,,,,,,,,,,,,
PH061900000,PH061904000,PH061904017,Capiz,German Red Cross,Dumarao,Guinotos,88,88,88,88,2,,,,,,,,,,,,,
PH061900000,PH061904000,PH061904021,Capiz,German Red Cross,Dumarao,Lawaan,263,263,263,,,,,,,,,,,,,,,
PH061900000,PH061904000,PH061904023,Capiz,German Red Cross,Dumarao,Malonoy,135,135,135,73,1,,,,,,,,,,,,,
PH061900000,PH061904000,PH061904030,Capiz,German Red Cross,Dumarao,Sagrada Familia,235,235,235,,,,,,,,,,,,,,,
PH061900000,PH061904000,PH061904032,Capiz,German Red Cross,Dumarao,San Juan,108,108,108,131,2,,,,,,,,,,,,,
PH061900000,PH061904000,PH061904034,Capiz,German Red Cross,Dumarao,Tamulalod,88,88,88,,,,,,,,,,,,,,,
PH061900000,PH061904000,PH061904036,Capiz,German Red Cross,Dumarao,Tina,183,183,183,,,,,,,,,,,,,,,
PH061900000,PH061905000,PH061905005,Capiz,Hong Kong Red Cross,Ivisan,Cabugao,9,9,9,,,,,,,,,,,,,,,
PH061900000,PH061905000,PH061905005,Capiz,IFRC,Ivisan,Cabugao,52,52,52,,,,,,,,,,,,,,,
PH061900000,PH061905000,PH061905010,Capiz,Hong Kong Red Cross,Ivisan,Matnog,10,10,10,,,,,,,,,,,,,,,
PH061900000,PH061905000,PH061905010,Capiz,IFRC,Ivisan,Matnog,74,71,71,,,,,,,,,,,,,,,
PH061900000,PH061905000,PH061905011,Capiz,Hong Kong Red Cross,Ivisan,Mianay,25,25,25,,,,,,,,,,,,,,,
PH061900000,PH061905000,PH061905011,Capiz,IFRC,Ivisan,Mianay,107,107,107,,,,,,,,,,,,,,,
PH061900000,PH061905000,PH061905012,Capiz,Hong Kong Red Cross,Ivisan,Ondoy,12,12,11,,,,,,,,,,,,,,,
PH061900000,PH061905000,PH061905012,Capiz,IFRC,Ivisan,Ondoy,64,63,64,,,,,,,,,,,,,,,
PH061900000,PH061905000,PH061905015,Capiz,Hong Kong Red Cross,Ivisan,Santa Cruz,14,14,14,,,,,,,,,,,,,,,
PH061900000,PH061905000,PH061905015,Capiz,IFRC,Ivisan,Santa Cruz,48,48,48,,,,,,,,,,,,,,,
PH061900000,PH061909000,PH061909001,Capiz,IFRC,Panay,Agbalo,66,66,65,,,,,,,,,,,,,,,
PH061900000,PH061909000,PH061909004,Capiz,IFRC,Panay,Anhawon,37,37,37,,,1,1,,,,,,,,,,,
PH061900000,PH061909000,PH061909006,Capiz,IFRC,Panay,Bago Chiquito,65,65,65,,,3,3,,,,,,,,,,,
PH061900000,PH061909000,PH061909007,Capiz,IFRC,Panay,Bago Grande,54,53,53,,,,,,,,,,,,,,,
PH061900000,PH061909000,PH061909008,Capiz,IFRC,Panay,Bahit,34,32,32,,,,,,,,,,,,,,,
PH061900000,PH061909000,PH061909011,Capiz,IFRC,Panay,Binangig,52,51,51,,,,,,,,,,,,,,,
PH061900000,PH061909000,PH061909012,Capiz,IFRC,Panay,Binantuan,40,38,38,,,3,3,,,,,,,,,,,
PH061900000,PH061909000,PH061909017,Capiz,IFRC,Panay,Cabugao Oeste,59,59,59,,,,,,,,,,,,,,,
PH061900000,PH061909000,PH061909020,Capiz,IFRC,Panay,Candual,77,75,75,,,,,,,,,,,,,,,
PH061900000,PH061909000,PH061909022,Capiz,IFRC,Panay,Daga,111,109,109,,,,,,,,,,,,,,,
PH061900000,PH061909000,PH061909027,Capiz,IFRC,Panay,Libon,67,67,67,,,,,,,,,,,,,,,
PH061900000,PH061909000,PH061909028,Capiz,IFRC,Panay,Linao,89,88,88,,,,,,,,,,,,,,,
PH061900000,PH061909000,PH061909030,Capiz,IFRC,Panay,Lomboy,41,41,41,,,,,,,,,,,,,,,
PH061900000,PH061909000,PH061909031,Capiz,IFRC,Panay,Lus-Onan,99,99,99,,,9,9,2,2,,,,,,,,,
PH061900000,PH061909000,PH061909032,Capiz,IFRC,Panay,Magubilan,97,97,97,,,15,15,1,1,,,,,,,1,,
PH061900000,PH061909000,PH061909035,Capiz,IFRC,Panay,Pili,25,25,25,,,,,,,,,,,,,,,
PH061900000,PH061910000,PH061910004,Capiz,IFRC,Panitan,Ambilay,115,115,115,,,,,,,,,,,,,,,
PH061900000,PH061910000,PH061910005,Capiz,IFRC,Panitan,Bahit,169,169,168,,,,,,,,,,,,,,,
PH061900000,PH061910000,PH061910006,Capiz,IFRC,Panitan,Balatucan,85,85,85,,,,,,,,,,,,,,,
PH061900000,PH061910000,PH061910008,Capiz,IFRC,Panitan,Cabugao,90,88,87,,,10,10,2,2,,,,,,,1,,
PH061900000,PH061910000,PH061910009,Capiz,IFRC,Panitan,Cabangahan,177,177,177,,,,,,,,,,,,,,,
PH061900000,PH061910000,PH061910010,Capiz,IFRC,Panitan,Cadio,101,101,100,,,4,4,,,,,,,,,,,
PH061900000,PH061910000,PH061910011,Capiz,IFRC,Panitan,Cala-an,80,77,77,,,,,,,,,,,,,,,
PH061900000,PH061910000,PH061910012,Capiz,IFRC,Panitan,Capagao,162,160,160,,,4,4,1,1,,,,,,,,,
PH061900000,PH061910000,PH061910014,Capiz,IFRC,Panitan,Conciencia,174,174,174,,,8,8,2,2,,,,,,,,,
PH061900000,PH061910000,PH061910017,Capiz,IFRC,Panitan,Pasugue,44,44,44,,,,,,,,,,,,,,,
PH061900000,PH061910000,PH061910020,Capiz,IFRC,Panitan,Quios,98,98,98,,,,,,,,,,,,,,,
PH061900000,PH061910000,PH061910025,Capiz,IFRC,Panitan,Tincupon,164,164,164,,,,,,,,,,,,,,,
PH061900000,PH061917000,PH061917001,Capiz,German Red Cross,Tapaz,Abangay,64,64,64,,,,,,,,,,,,,,,
PH061900000,PH061917000,PH061917003,Capiz,German Red Cross,Tapaz,Agcococ,80,80,78,,,,,,,,,,,,,,,
PH061900000,PH061917000,PH061917004,Capiz,German Red Cross,Tapaz,Aglinab,59,59,59,,,,,,,,,,,,,,,
PH061900000,PH061917000,PH061917008,Capiz,German Red Cross,Tapaz,Artuz,128,128,128,,,,,,,,,,,,,,,
PH061900000,PH061917000,PH061917036,Capiz,German Red Cross,Tapaz,Roxas,151,151,151,,,,,,,,,,,,,,,
PH063000000,PH063001000,PH063001001,Iloilo,British Red Cross,Ajuy,Adcadarao,38,38,38,,,3,3,,,,,,,,,,,
PH063000000,PH063001000,PH063001002,Iloilo,British Red Cross,Ajuy,Agbobolo,52,52,52,,,1,1,,,,,,,,,,,
PH063000000,PH063001000,PH063001003,Iloilo,British Red Cross,Ajuy,Badiangan,149,149,149,,,4,4,,,,,,,,,,,
PH063000000,PH063001000,PH063001004,Iloilo,British Red Cross,Ajuy,Barrido,59,59,59,,,4,4,,,,,,,,,,,
PH063000000,PH063001000,PH063001005,Iloilo,British Red Cross,Ajuy,Bato Biasong,72,72,72,,,4,4,,,,,,,,,,,
PH063000000,PH063001000,PH063001006,Iloilo,British Red Cross,Ajuy,Bay-ang,104,104,104,,,8,6,,,,,,,,,,,
PH063000000,PH063001000,PH063001007,Iloilo,British Red Cross,Ajuy,Bucana Bunglas,49,49,49,,,,,,,,,,,,,,,
PH063000000,PH063001000,PH063001008,Iloilo,British Red Cross,Ajuy,Central,7,7,7,,,1,1,,,,,,,,,,,
PH063000000,PH063001000,PH063001009,Iloilo,British Red Cross,Ajuy,Culasi,106,106,106,,,1,1,,,,,,,,,,,
PH063000000,PH063001000,PH063001010,Iloilo,British Red Cross,Ajuy,Lanjagan,94,95,95,,,1,1,,,,,,,,,,,
PH063000000,PH063001000,PH063001011,Iloilo,British Red Cross,Ajuy,Luca,193,193,193,,,13,13,,,,,,,,,,,
PH063000000,PH063001000,PH063001012,Iloilo,British Red Cross,Ajuy,Malayu-an,103,103,103,,,14,11,,,,,,,,,,,
PH063000000,PH063001000,PH063001013,Iloilo,British Red Cross,Ajuy,Mangorocoro,39,39,39,,,,,,,,,,,,,,,
PH063000000,PH063001000,PH063001014,Iloilo,British Red Cross,Ajuy,Nasidman,102,102,102,,,,,,,,,,,,,,,
PH063000000,PH063001000,PH063001015,Iloilo,British Red Cross,Ajuy,Pantalan Nabaye,84,84,84,,,6,6,,,,,,,,,,,
PH063000000,PH063001000,PH063001016,Iloilo,British Red Cross,Ajuy,Pantalan Navarro,63,63,63,,,,,,,,,,,,,,,
PH063000000,PH063001000,PH063001017,Iloilo,British Red Cross,Ajuy,Pedada,122,122,122,,,4,4,,,,,,,,,,,
PH063000000,PH063001000,PH063001018,Iloilo,British Red Cross,Ajuy,Pili,165,165,165,,,4,2,,,,,,,,,,,
PH063000000,PH063001000,PH063001019,Iloilo,British Red Cross,Ajuy,Pinantan Diel,69,69,69,,,4,4,,,,,,,,,,,
PH063000000,PH063001000,PH063001020,Iloilo,British Red Cross,Ajuy,Pinantan Elizalde,21,21,21,,,11,9,,,,,,,,,,,
PH063000000,PH063001000,PH063001021,Iloilo,British Red Cross,Ajuy,Pinay Espinosa,90,89,89,,,2,2,,,,,,,,,,,
PH063000000,PH063001000,PH063001022,Iloilo,British Red Cross,Ajuy,Poblacion,105,105,105,,,,,,,,,,,,,,,
PH063000000,PH063001000,PH063001023,Iloilo,British Red Cross,Ajuy,Progreso,99,99,99,,,10,8,,,,,,,,,,,
PH063000000,PH063001000,PH063001024,Iloilo,British Red Cross,Ajuy,Puente Bunglas,47,47,47,,,,,,,,,,,,,,,
PH063000000,PH063001000,PH063001025,Iloilo,British Red Cross,Ajuy,Punta Buri,182,182,182,,,5,5,,,,,,,,,,,
PH063000000,PH063001000,PH063001026,Iloilo,British Red Cross,Ajuy,Rojas,41,41,41,,,,,,,,,,,,,,,
PH063000000,PH063001000,PH063001027,Iloilo,British Red Cross,Ajuy,San Antonio,57,57,57,,,4,4,,,,,,,,,,,
PH063000000,PH063001000,PH063001028,Iloilo,British Red Cross,Ajuy,Silagon,117,117,117,,,1,1,,,,,,,,,,,
PH063000000,PH063001000,PH063001029,Iloilo,British Red Cross,Ajuy,Santo Rosario,132,132,132,,,,,,,,,,,,,,,
PH063000000,PH063001000,PH063001030,Iloilo,British Red Cross,Ajuy,Tagubanhan,127,127,127,,,7,6,,,,,,,,,,,
PH063000000,PH063001000,PH063001031,Iloilo,British Red Cross,Ajuy,Taguhangin,62,62,62,,,4,4,,,,,,,,,,,
PH063000000,PH063001000,PH063001032,Iloilo,British Red Cross,Ajuy,Tanduyan,95,95,95,,,3,3,,,,,,,,,,,
PH063000000,PH063001000,PH063001033,Iloilo,British Red Cross,Ajuy,Tipacla,131,131,131,,,1,1,,,,,,,,,,,
PH063000000,PH063001000,PH063001034,Iloilo,British Red Cross,Ajuy,Tubogan,78,78,78,,,3,3,,,,,,,,,,,
PH063000000,PH063005000,PH063005001,Iloilo,British Red Cross,Balasan,Aranjuez,140,140,140,,,5,5,,,,,,,,,,,
PH063000000,PH063005000,PH063005002,Iloilo,British Red Cross,Balasan,Bacolod,101,101,101,,,1,1,,,,,,,,,,,
PH063000000,PH063005000,PH063005003,Iloilo,British Red Cross,Balasan,Balanti-an,104,104,104,,,8,8,,,,,,,,,,,
PH063000000,PH063005000,PH063005004,Iloilo,British Red Cross,Balasan,Batuan,103,103,103,,,6,6,,,,,,,,,,,
PH063000000,PH063005000,PH063005005,Iloilo,British Red Cross,Balasan,Cabalic,106,106,106,,,5,5,,,,,,,,,,,
PH063000000,PH063005000,PH063005006,Iloilo,British Red Cross,Balasan,Camambugan,52,52,52,,,22,21,,,,,,,,,,,
PH063000000,PH063005000,PH063005007,Iloilo,British Red Cross,Balasan,Dolores,28,28,28,,,4,4,,,,,,,,,,,
PH063000000,PH063005000,PH063005008,Iloilo,British Red Cross,Balasan,Gimamanay,157,157,157,,,6,5,,,,,,,,,,,
PH063000000,PH063005000,PH063005009,Iloilo,British Red Cross,Balasan,Ipil,93,93,93,,,,,,,,,,,,,,,
PH063000000,PH063005000,PH063005010,Iloilo,British Red Cross,Balasan,Kinalkalan,86,86,86,,,15,15,,,,,,,,,,,
PH063000000,PH063005000,PH063005011,Iloilo,British Red Cross,Balasan,Lawis,143,143,143,,,10,10,,,,,,,,,,,
PH063000000,PH063005000,PH063005012,Iloilo,British Red Cross,Balasan,Malapoc,75,75,75,,,1,1,,,,,,,,,,,
PH063000000,PH063005000,PH063005013,Iloilo,British Red Cross,Balasan,Mamhut Norte,91,91,90,,,10,9,,,,,,,,,,,
PH063000000,PH063005000,PH063005014,Iloilo,British Red Cross,Balasan,Mamhut Sur,108,108,108,,,7,7,,,,,,,,,,,
PH063000000,PH063005000,PH063005015,Iloilo,British Red Cross,Balasan,Maya,117,117,117,,,18,17,,,,,,,,,,,
PH063000000,PH063005000,PH063005016,Iloilo,British Red Cross,Balasan,Pani-an,110,110,110,,,17,17,,,,,,,,,,,
PH063000000,PH063005000,PH063005017,Iloilo,British Red Cross,Balasan,Poblacion Norte,82,82,82,,,1,1,,,,,,,,,,,
PH063000000,PH063005000,PH063005018,Iloilo,British Red Cross,Balasan,Poblacion Sur,171,171,171,,,8,8,,,,,,,,,,,
PH063000000,PH063005000,PH063005019,Iloilo,British Red Cross,Balasan,Quiasan,150,150,150,,,13,11,,,,,,,,,,,
PH063000000,PH063005000,PH063005020,Iloilo,British Red Cross,Balasan,Salong,138,138,138,,,7,7,,,,,,,,,,,
PH063000000,PH063005000,PH063005021,Iloilo,British Red Cross,Balasan,Salvacion,107,107,107,,,5,5,,,,,,,,,,,
PH063000000,PH063005000,PH063005022,Iloilo,British Red Cross,Balasan,Tingui-an,200,200,200,,,2,2,,,,,,,,,,,
PH063000000,PH063005000,PH063005023,Iloilo,British Red Cross,Balasan,Zaragosa,174,174,173,,,7,7,,,,,,,,,,,
PH072200000,PH072209000,PH072209001,Cebu,German Red Cross,Bantayan,Atop-atop,384,384,384,40,1,,,,,,,,,,,,,
PH072200000,PH072209000,PH072209003,Cebu,German Red Cross,Bantayan,Baod,315,315,315,33,2,,,,,,,,,,,,,
PH072200000,PH072209000,PH072209009,Cebu,German Red Cross,Bantayan,Guiwanon,262,262,262,11,1,,,,,,,,,,,,,
PH072200000,PH072209000,PH072209012,Cebu,German Red Cross,Bantayan,Kangkaibe,365,365,365,40,1,,,,,,,,,,,,,
PH072200000,PH072209000,PH072209016,Cebu,German Red Cross,Bantayan,Mojon,334,334,334,74,2,,,,,,,,,,,,,
PH072200000,PH072211000,PH072211002,Cebu,German Red Cross,City Of Bogo,Anonang Norte,137,137,137,,,,,,,,,,,,,,,
PH072200000,PH072211000,PH072211003,Cebu,German Red Cross,City Of Bogo,Anonang Sur,149,149,149,39,1,,,,,,,,,,,,,
PH072200000,PH072211000,PH072211005,Cebu,German Red Cross,City Of Bogo,Binabag,173,173,173,66,1,,,,,,,,,,,,,
PH072200000,PH072211000,PH072211015,Cebu,French Red Cross,City Of Bogo,Libertad,,,,,,2,2,,,,,,,,,,,
PH072200000,PH072211000,PH072211015,Cebu,German Red Cross,City Of Bogo,Libertad,110,110,110,,,,,,,,,,,,,,,
PH072200000,PH072211000,PH072211017,Cebu,German Red Cross,City Of Bogo,Malingin,144,144,144,,,,,,,,,,,,,,,
PH072200000,PH072211000,PH072211020,Cebu,French Red Cross,City Of Bogo,Odlot,,,,,,3,3,,,,,,,,,,,
PH072200000,PH072211000,PH072211020,Cebu,German Red Cross,City Of Bogo,Odlot,87,87,87,,,,,,,,,,,,,,,
PH072200000,PH072221000,PH072221004,Cebu,Japanese Red Cross,Daanbantayan,Bateria,151,149,149,,,16,16,,,,,,,,,,,
PH072200000,PH072221000,PH072221005,Cebu,Japanese Red Cross,Daanbantayan,Bitoon,157,157,157,,,16,16,,,,,,,,,,,
PH072200000,PH072221000,PH072221006,Cebu,Japanese Red Cross,Daanbantayan,Calape,143,143,143,,,7,7,,,,,,,,,,,
PH072200000,PH072221000,PH072221009,Cebu,Japanese Red Cross,Daanbantayan,Lanao,159,159,159,,,5,5,,,,,,,,,,,
PH072200000,PH072221000,PH072221012,Cebu,Japanese Red Cross,Daanbantayan,Malingin,134,134,134,,,6,6,,,,,,,,,,,
PH072200000,PH072221000,PH072221015,Cebu,French Red Cross,Daanbantayan,Paypay,500,499,479,,,5,5,,,,,,,,,,,
PH072200000,PH072228000,PH072228001,Cebu,German Red Cross,Madridejos,Bunakan,277,277,277,45,2,,,,,,,,,,,,,
PH072200000,PH072228000,PH072228013,Cebu,German Red Cross,Madridejos,Tarong,363,363,363,77,2,,,,,,,,,,,,,
PH072200000,PH072243000,PH072243001,Cebu,IFRC,San Remigio,Anapog,164,164,164,,,,,,,,,,,,,,,
PH072200000,PH072243000,PH072243002,Cebu,IFRC,San Remigio,Argawanon,132,132,126,,,,,,,,,,,,,,,
PH072200000,PH072243000,PH072243003,Cebu,IFRC,San Remigio,Bagtic,135,135,135,,,8,8,,,,,,,,,,,
PH072200000,PH072243000,PH072243004,Cebu,IFRC,San Remigio,Bancasan,136,137,135,,,,,,,,,,,,,,,
PH072200000,PH072243000,PH072243005,Cebu,IFRC,San Remigio,Batad,160,160,159,,,4,4,,,,,,,,,,,
PH072200000,PH072243000,PH072243006,Cebu,IFRC,San Remigio,Busogon,173,173,169,,,,,,,,,,,,,,,
PH072200000,PH072243000,PH072243007,Cebu,IFRC,San Remigio,Calambua,177,177,177,,,5,5,,,,,,,,,,,
PH072200000,PH072243000,PH072243008,Cebu,IFRC,San Remigio,Canagahan,154,154,148,,,,,,,,,,,,,,,
PH072200000,PH072243000,PH072243009,Cebu,IFRC,San Remigio,Dapdap,149,149,149,,,5,5,,,,,,,,,,,
PH072200000,PH072243000,PH072243010,Cebu,IFRC,San Remigio,Gawaygaway,150,150,150,,,11,11,,,,,,,,,,,
PH072200000,PH072243000,PH072243011,Cebu,IFRC,San Remigio,Hagnaya,187,187,184,,,,,,,,,,,,,,,
PH072200000,PH072243000,PH072243012,Cebu,IFRC,San Remigio,Kayam,106,106,104,,,,,,,,,,,,,,,
PH072200000,PH072243000,PH072243013,Cebu,IFRC,San Remigio,Kinawahan,105,105,101,,,,,,,,,,,,,,,
PH072200000,PH072243000,PH072243014,Cebu,IFRC,San Remigio,Lambusan,170,170,163,,,6,6,,,,,,,,,,,
PH072200000,PH072243000,PH072243015,Cebu,IFRC,San Remigio,Lawis,131,131,120,,,,,,,,,,,,,,,
PH072200000,PH072243000,PH072243016,Cebu,IFRC,San Remigio,Libaong,127,127,122,,,16,16,,,,,,,,,,,
PH072200000,PH072243000,PH072243017,Cebu,IFRC,San Remigio,Looc,216,216,213,,,,,,,,,,,,,,,
PH072200000,PH072243000,PH072243018,Cebu,IFRC,San Remigio,Luyang,200,200,200,,,,,,,,,,,,,,,
PH072200000,PH072243000,PH072243019,Cebu,IFRC,San Remigio,Mano,191,191,187,,,,,,,,,,,,,,,
PH072200000,PH072243000,PH072243020,Cebu,IFRC,San Remigio,Poblacion,66,66,64,,,,,,,,,,,,,,,
PH072200000,PH072243000,PH072243021,Cebu,IFRC,San Remigio,Punta,200,200,194,,,,,,,,,,,,,,,
PH072200000,PH072243000,PH072243022,Cebu,IFRC,San Remigio,Sab-a,107,107,107,,,4,4,,,,,,,,,,,
PH072200000,PH072243000,PH072243023,Cebu,IFRC,San Remigio,San Miguel,84,84,83,,,12,12,,,,,,,,,,,
PH072200000,PH072243000,PH072243024,Cebu,IFRC,San Remigio,Tacup,173,173,170,,,8,8,,,,,,,,,,,
PH072200000,PH072243000,PH072243025,Cebu,IFRC,San Remigio,Tambongon,186,186,186,,,,,,,,,,,,,,,
PH072200000,PH072243000,PH072243026,Cebu,IFRC,San Remigio,To-ong,160,160,157,,,5,5,,,,,,,,,,,
PH072200000,PH072243000,PH072243027,Cebu,IFRC,San Remigio,Victoria,169,169,166,,,,,,,,,,,,,,,
PH082600000,PH082602000,PH082602002,Eastern Samar,ICRC,Balangiga,Cag-olango,60,60,60,,,,,,,,,,,,,,,
PH082600000,PH082602000,PH082602004,Eastern Samar,ICRC,Balangiga,Guinmaayohan,257,257,257,,,,,,,,,,,,,,,
PH082600000,PH082602000,PH082602013,Eastern Samar,ICRC,Balangiga,Maybunga,38,38,38,,,,,,,,,,,,,,,
PH082600000,PH082603000,PH082603001,Eastern Samar,ICRC,Balangkayan,Balogo,54,54,54,,,,,,,,,,,,,,,
PH082600000,PH082603000,PH082603002,Eastern Samar,ICRC,Balangkayan,Bangon,31,31,31,,,,,,,,,,,,,,,
PH082600000,PH082603000,PH082603004,Eastern Samar,ICRC,Balangkayan,Cabay,65,65,65,,,,,,,,,,,,,,,
PH082600000,PH082603000,PH082603008,Eastern Samar,ICRC,Balangkayan,Caisawan,90,90,90,,,,,,,,,,,,,,,
PH082600000,PH082603000,PH082603009,Eastern Samar,ICRC,Balangkayan,Cantubi,13,13,13,,,,,,,,,,,,,,,
PH082600000,PH082603000,PH082603010,Eastern Samar,ICRC,Balangkayan,General Malvar,22,22,22,,,,,,,,,,,,,,,
PH082600000,PH082603000,PH082603012,Eastern Samar,ICRC,Balangkayan,Julag,23,23,23,,,,,,,,,,,,,,,
PH082600000,PH082603000,PH082603013,Eastern Samar,ICRC,Balangkayan,Magsaysay,20,20,20,,,,,,,,,,,,,,,
PH082600000,PH082603000,PH082603014,Eastern Samar,ICRC,Balangkayan,Maramag,54,54,54,,,,,,,,,,,,,,,
PH082600000,PH082603000,PH082603015,Eastern Samar,ICRC,Balangkayan,Poblacion I,64,64,64,,,,,,,,,,,,,,,
PH082600000,PH082603000,PH082603016,Eastern Samar,ICRC,Balangkayan,Poblacion II,23,23,23,,,,,,,,,,,,,,,
PH082600000,PH082603000,PH082603017,Eastern Samar,ICRC,Balangkayan,Poblacion III,31,31,31,,,,,,,,,,,,,,,
PH082600000,PH082603000,PH082603018,Eastern Samar,ICRC,Balangkayan,Poblacion IV,41,41,41,,,,,,,,,,,,,,,
PH082600000,PH082603000,PH082603019,Eastern Samar,ICRC,Balangkayan,Poblacion V,26,26,26,,,,,,,,,,,,,,,
PH082600000,PH082607000,PH082607002,Eastern Samar,ICRC,General Macarthur,Binalay,23,23,23,,,,,,,,,,,,,,,
PH082600000,PH082607000,PH082607005,Eastern Samar,ICRC,General Macarthur,Domrog,8,8,8,,,,,,,,,,,,,,,
PH082600000,PH082607000,PH082607010,Eastern Samar,ICRC,General Macarthur,Poblacion Barangay 1,5,5,5,,,,,,,,,,,,,,,
PH082600000,PH082607000,PH082607011,Eastern Samar,ICRC,General Macarthur,Poblacion Barangay 2,22,22,22,,,,,,,,,,,,,,,
PH082600000,PH082607000,PH082607012,Eastern Samar,ICRC,General Macarthur,Poblacion Barangay 3,5,5,5,,,,,,,,,,,,,,,
PH082600000,PH082607000,PH082607013,Eastern Samar,ICRC,General Macarthur,Poblacion Barangay 4,5,5,5,,,,,,,,,,,,,,,
PH082600000,PH082607000,PH082607014,Eastern Samar,ICRC,General Macarthur,Poblacion Barangay 5,6,6,6,,,,,,,,,,,,,,,
PH082600000,PH082607000,PH082607015,Eastern Samar,ICRC,General Macarthur,Poblacion Barangay 6,4,4,4,,,,,,,,,,,,,,,
PH082600000,PH082607000,PH082607016,Eastern Samar,ICRC,General Macarthur,Poblacion Barangay 7,21,21,21,,,,,,,,,,,,,,,
PH082600000,PH082607000,PH082607017,Eastern Samar,ICRC,General Macarthur,Poblacion Barangay 8,5,5,5,,,,,,,,,,,,,,,
PH082600000,PH082607000,PH082607021,Eastern Samar,ICRC,General Macarthur,San Isidro,5,5,5,,,,,,,,,,,,,,,
PH082600000,PH082607000,PH082607023,Eastern Samar,ICRC,General Macarthur,Santa Cruz (Opong),12,12,12,,,,,,,,,,,,,,,
PH082600000,PH082607000,PH082607026,Eastern Samar,ICRC,General Macarthur,Vigan,21,21,21,,,,,,,,,,,,,,,
PH082600000,PH082607000,PH082607028,Eastern Samar,ICRC,General Macarthur,Aguinaldo,8,8,8,,,,,,,,,,,,,,,
PH082600000,PH082608000,PH082608001,Eastern Samar,ICRC,Giporlos,Barangay 1 (Pob.),100,100,100,,,,,,,,,,,,,,,
PH082600000,PH082608000,PH082608002,Eastern Samar,ICRC,Giporlos,Barangay 2 (Pob.),22,22,22,,,,,,,,,,,,,,,
PH082600000,PH082608000,PH082608003,Eastern Samar,ICRC,Giporlos,Barangay 3 (Pob.),12,12,12,,,,,,,,,,,,,,,
PH082600000,PH082608000,PH082608004,Eastern Samar,ICRC,Giporlos,Barangay 4 (Pob.),6,6,6,,,,,,,,,,,,,,,
PH082600000,PH082608000,PH082608005,Eastern Samar,ICRC,Giporlos,Barangay 5 (Pob.),51,51,51,,,,,,,,,,,,,,,
PH082600000,PH082608000,PH082608006,Eastern Samar,ICRC,Giporlos,Barangay 6 (Pob.),17,17,17,,,,,,,,,,,,,,,
PH082600000,PH082608000,PH082608007,Eastern Samar,ICRC,Giporlos,Barangay 7 (Pob.),11,11,11,,,,,,,,,,,,,,,
PH082600000,PH082608000,PH082608008,Eastern Samar,ICRC,Giporlos,Biga,60,60,60,,,,,,,,,,,,,,,
PH082600000,PH082608000,PH082608009,Eastern Samar,ICRC,Giporlos,Coticot,41,41,41,,,,,,,,,,,,,,,
PH082600000,PH082608000,PH082608010,Eastern Samar,ICRC,Giporlos,Gigoso,75,75,75,,,,,,,,,,,,,,,
PH082600000,PH082608000,PH082608011,Eastern Samar,ICRC,Giporlos,Huknan,58,58,58,,,,,,,,,,,,,,,
PH082600000,PH082608000,PH082608012,Eastern Samar,ICRC,Giporlos,Parina,43,43,43,,,,,,,,,,,,,,,
PH082600000,PH082608000,PH082608013,Eastern Samar,ICRC,Giporlos,Paya,27,27,27,,,,,,,,,,,,,,,
PH082600000,PH082608000,PH082608015,Eastern Samar,ICRC,Giporlos,President Roxas,40,40,40,,,,,,,,,,,,,,,
PH082600000,PH082608000,PH082608017,Eastern Samar,ICRC,Giporlos,San Miguel,36,36,36,,,,,,,,,,,,,,,
PH082600000,PH082608000,PH082608018,Eastern Samar,ICRC,Giporlos,Santa Cruz (Cansingkol),26,26,26,,,,,,,,,,,,,,,
PH082600000,PH082608000,PH082608019,Eastern Samar,ICRC,Giporlos,Barangay 8 (Pob.),5,5,5,,,,,,,,,,,,,,,
PH082600000,PH082608000,PH082608020,Eastern Samar,ICRC,Giporlos,San Isidro (Malabag),46,46,46,,,,,,,,,,,,,,,
PH082600000,PH082609000,PH082609001,Eastern Samar,ICRC,Guiuan,Alingarog,24,24,24,,,,,,,,,,,,,,,
PH082600000,PH082609000,PH082609003,Eastern Samar,ICRC,Guiuan,Banaag,27,27,27,,,,,,,,,,,,,,,
PH082600000,PH082609000,PH082609005,Eastern Samar,ICRC,Guiuan,Baras,98,98,98,,,,,,,,,,,,,,,
PH082600000,PH082609000,PH082609006,Eastern Samar,ICRC,Guiuan,Barbo,53,53,53,,,,,,,,,,,,,,,
PH082600000,PH082609000,PH082609007,Eastern Samar,ICRC,Guiuan,Bitaugan,105,105,105,,,,,,,,,,,,,,,
PH082600000,PH082609000,PH082609008,Eastern Samar,ICRC,Guiuan,Bungtod,70,70,70,,,,,,,,,,,,,,,
PH082600000,PH082609000,PH082609009,Eastern Samar,ICRC,Guiuan,Bucao,23,23,23,,,,,,,,,,,,,,,
PH082600000,PH082609000,PH082609010,Eastern Samar,ICRC,Guiuan,Buenavista,24,24,24,,,,,,,,,,,,,,,
PH082600000,PH082609000,PH082609011,Eastern Samar,ICRC,Guiuan,Cagdara-o,55,55,55,,,,,,,,,,,,,,,
PH082600000,PH082609000,PH082609012,Eastern Samar,ICRC,Guiuan,Cagusu-an,109,109,109,,,,,,,,,,,,,,,
PH082600000,PH082609000,PH082609013,Eastern Samar,ICRC,Guiuan,Camparang,25,25,25,,,,,,,,,,,,,,,
PH082600000,PH082609000,PH082609014,Eastern Samar,ICRC,Guiuan,Campoyong,107,107,107,,,,,,,,,,,,,,,
PH082600000,PH082609000,PH082609015,Eastern Samar,ICRC,Guiuan,Cantahay,7,7,7,,,,,,,,,,,,,,,
PH082600000,PH082609000,PH082609017,Eastern Samar,ICRC,Guiuan,Casuguran,153,153,153,,,,,,,,,,,,,,,
PH082600000,PH082609000,PH082609019,Eastern Samar,ICRC,Guiuan,Culasi,86,86,86,,,,,,,,,,,,,,,
PH082600000,PH082609000,PH082609020,Eastern Samar,ICRC,Guiuan,Poblacion Ward 10,28,28,28,,,,,,,,,,,,,,,
PH082600000,PH082609000,PH082609024,Eastern Samar,ICRC,Guiuan,Habag,86,86,86,,,,,,,,,,,,,,,
PH082600000,PH082609000,PH082609025,Eastern Samar,ICRC,Guiuan,Hamorawon,37,37,37,,,,,,,,,,,,,,,
PH082600000,PH082609000,PH082609026,Eastern Samar,ICRC,Guiuan,Inapulangan,128,128,128,,,,,,,,,,,,,,,
PH082600000,PH082609000,PH082609028,Eastern Samar,ICRC,Guiuan,Lupok (Pob.),56,56,56,,,,,,,,,,,,,,,
PH082600000,PH082609000,PH082609030,Eastern Samar,ICRC,Guiuan,Ngolos,119,119,119,,,,,,,,,,,,,,,
PH082600000,PH082609000,PH082609031,Eastern Samar,ICRC,Guiuan,Pagbabangnan,92,92,92,,,,,,,,,,,,,,,
PH082600000,PH082609000,PH082609032,Eastern Samar,ICRC,Guiuan,Pagnamitan,66,66,66,,,,,,,,,,,,,,,
PH082600000,PH082609000,PH082609033,Eastern Samar,ICRC,Guiuan,Poblacion Ward 1,3,3,3,,,,,,,,,,,,,,,
PH082600000,PH082609000,PH082609035,Eastern Samar,ICRC,Guiuan,Poblacion Ward 11,49,49,49,,,,,,,,,,,,,,,
PH082600000,PH082609000,PH082609037,Eastern Samar,ICRC,Guiuan,Poblacion Ward 3,7,7,7,,,,,,,,,,,,,,,
PH082600000,PH082609000,PH082609039,Eastern Samar,ICRC,Guiuan,Poblacion Ward 5,33,33,33,,,,,,,,,,,,,,,
PH082600000,PH082609000,PH082609040,Eastern Samar,ICRC,Guiuan,Poblacion Ward 6,99,99,99,,,,,,,,,,,,,,,
PH082600000,PH082609000,PH082609041,Eastern Samar,ICRC,Guiuan,Poblacion Ward 7,29,29,29,,,,,,,,,,,,,,,
PH082600000,PH082609000,PH082609043,Eastern Samar,ICRC,Guiuan,Poblacion Ward 9,37,37,37,,,,,,,,,,,,,,,
PH082600000,PH082609000,PH082609044,Eastern Samar,ICRC,Guiuan,Salug,59,59,59,,,,,,,,,,,,,,,
PH082600000,PH082609000,PH082609045,Eastern Samar,ICRC,Guiuan,San Antonio,22,22,22,,,,,,,,,,,,,,,
PH082600000,PH082609000,PH082609046,Eastern Samar,ICRC,Guiuan,San Jose,1,1,1,,,,,,,,,,,,,,,
PH082600000,PH082609000,PH082609047,Eastern Samar,ICRC,Guiuan,San Pedro,72,72,72,,,,,,,,,,,,,,,
PH082600000,PH082609000,PH082609048,Eastern Samar,ICRC,Guiuan,Sapao,40,40,40,,,,,,,,,,,,,,,
PH082600000,PH082609000,PH082609051,Eastern Samar,ICRC,Guiuan,Suluan,292,292,292,,,,,,,,,,,,,,,
PH082600000,PH082609000,PH082609054,Eastern Samar,ICRC,Guiuan,Taytay,75,75,75,,,,,,,,,,,,,,,
PH082600000,PH082609000,PH082609056,Eastern Samar,ICRC,Guiuan,Trinidad,28,28,28,,,,,,,,,,,,,,,
PH082600000,PH082609000,PH082609057,Eastern Samar,ICRC,Guiuan,Victory Island,43,43,43,,,,,,,,,,,,,,,
PH082600000,PH082609000,PH082609058,Eastern Samar,ICRC,Guiuan,Canawayon,73,73,73,,,,,,,,,,,,,,,
PH082600000,PH082609000,PH082609059,Eastern Samar,ICRC,Guiuan,Dalaragan,27,27,27,,,,,,,,,,,,,,,
PH082600000,PH082609000,PH082609061,Eastern Samar,ICRC,Guiuan,Hollywood,109,109,109,,,,,,,,,,,,,,,
PH082600000,PH082609000,PH082609062,Eastern Samar,ICRC,Guiuan,San Juan,42,42,42,,,,,,,,,,,,,,,
PH082600000,PH082609000,PH082609063,Eastern Samar,ICRC,Guiuan,Santo Niño,12,12,12,,,,,,,,,,,,,,,
PH082600000,PH082609000,#N/A,Eastern Samar,ICRC,Guiuan,San Jose (Manicani),7,7,7,,,,,,,,,,,,,,,
PH082600000,PH082610000,PH082610001,Eastern Samar,ICRC,Hernani,Batang,25,25,25,,,,,,,,,,,,,,,
PH082600000,PH082610000,PH082610002,Eastern Samar,ICRC,Hernani,Cacatmonan,22,22,22,,,,,,,,,,,,,,,
PH082600000,PH082610000,PH082610003,Eastern Samar,ICRC,Hernani,Garawon,85,85,85,,,,,,,,,,,,,,,
PH082600000,PH082610000,PH082610004,Eastern Samar,ICRC,Hernani,Canciledes,11,11,11,,,,,,,,,,,,,,,
PH082600000,PH082610000,PH082610005,Eastern Samar,ICRC,Hernani,Carmen,41,41,41,,,,,,,,,,,,,,,
PH082600000,PH082610000,PH082610006,Eastern Samar,ICRC,Hernani,Nagaja,28,28,28,,,,,,,,,,,,,,,
PH082600000,PH082610000,PH082610007,Eastern Samar,ICRC,Hernani,Padang,30,30,30,,,,,,,,,,,,,,,
PH082600000,PH082610000,PH082610008,Eastern Samar,ICRC,Hernani,Barangay 1 (Pob.),32,32,32,,,,,,,,,,,,,,,
PH082600000,PH082610000,PH082610009,Eastern Samar,ICRC,Hernani,Barangay 2 (Pob.),28,28,28,,,,,,,,,,,,,,,
PH082600000,PH082610000,PH082610010,Eastern Samar,ICRC,Hernani,Barangay 3 (Pob.),23,23,23,,,,,,,,,,,,,,,
PH082600000,PH082610000,PH082610011,Eastern Samar,ICRC,Hernani,Barangay 4 (Pob.),97,97,97,,,,,,,,,,,,,,,
PH082600000,PH082610000,PH082610012,Eastern Samar,ICRC,Hernani,San Isidro,19,19,19,,,,,,,,,,,,,,,
PH082600000,PH082610000,PH082610013,Eastern Samar,ICRC,Hernani,San Miguel,101,101,101,,,,,,,,,,,,,,,
PH082600000,PH082616000,PH082616002,Eastern Samar,ICRC,Mercedes,Banuyo,33,33,33,,,,,,,,,,,,,,,
PH082600000,PH082616000,PH082616003,Eastern Samar,ICRC,Mercedes,Bobon,27,27,27,,,,,,,,,,,,,,,
PH082600000,PH082616000,PH082616005,Eastern Samar,ICRC,Mercedes,Buyayawon,52,52,52,,,,,,,,,,,,,,,
PH082600000,PH082616000,PH082616007,Eastern Samar,ICRC,Mercedes,Cambante,42,42,42,,,,,,,,,,,,,,,
PH082600000,PH082616000,PH082616011,Eastern Samar,ICRC,Mercedes,San Jose,23,23,23,,,,,,,,,,,,,,,
PH082600000,PH082616000,PH082616012,Eastern Samar,ICRC,Mercedes,Sung-an,49,49,49,,,,,,,,,,,,,,,
PH082600000,PH082616000,PH082616015,Eastern Samar,ICRC,Mercedes,Port Kennedy,26,26,26,,,,,,,,,,,,,,,
PH082600000,PH082616000,PH082616016,Eastern Samar,ICRC,Mercedes,San Roque,48,48,48,,,,,,,,,,,,,,,
PH082600000,PH082618000,PH082618001,Eastern Samar,ICRC,Quinapondan,Anislag,76,76,76,,,,,,,,,,,,,,,
PH082600000,PH082618000,PH082618002,Eastern Samar,ICRC,Quinapondan,Bagte,29,29,29,,,,,,,,,,,,,,,
PH082600000,PH082618000,PH082618003,Eastern Samar,ICRC,Quinapondan,Barangay No. 1 (Pob.),5,5,5,,,,,,,,,,,,,,,
PH082600000,PH082618000,PH082618004,Eastern Samar,ICRC,Quinapondan,Barangay No. 2 (Pob.),5,5,5,,,,,,,,,,,,,,,
PH082600000,PH082618000,PH082618005,Eastern Samar,ICRC,Quinapondan,Barangay No. 3 (Pob.),5,5,5,,,,,,,,,,,,,,,
PH082600000,PH082618000,PH082618006,Eastern Samar,ICRC,Quinapondan,Barangay No. 4 (Pob.),1,1,1,,,,,,,,,,,,,,,
PH082600000,PH082618000,PH082618008,Eastern Samar,ICRC,Quinapondan,Buenavista,55,55,55,,,,,,,,,,,,,,,
PH082600000,PH082618000,PH082618009,Eastern Samar,ICRC,Quinapondan,Mabini (Caculangan),27,27,27,,,,,,,,,,,,,,,
PH082600000,PH082618000,PH082618010,Eastern Samar,ICRC,Quinapondan,Cagdaja,25,25,25,,,,,,,,,,,,,,,
PH082600000,PH082618000,PH082618011,Eastern Samar,ICRC,Quinapondan,Cambilla,36,36,36,,,,,,,,,,,,,,,
PH082600000,PH082618000,PH082618012,Eastern Samar,ICRC,Quinapondan,Cantenio,14,14,14,,,,,,,,,,,,,,,
PH082600000,PH082618000,PH082618014,Eastern Samar,ICRC,Quinapondan,Naga,49,49,49,,,,,,,,,,,,,,,
PH082600000,PH082618000,PH082618016,Eastern Samar,ICRC,Quinapondan,Rizal (Pana-ugan),49,49,49,,,,,,,,,,,,,,,
PH082600000,PH082618000,PH082618018,Eastern Samar,ICRC,Quinapondan,San Vicente,43,43,43,,,,,,,,,,,,,,,
PH082600000,PH082618000,PH082618019,Eastern Samar,ICRC,Quinapondan,Santa Cruz (Loro Diyo),104,104,104,,,,,,,,,,,,,,,
PH082600000,PH082618000,PH082618020,Eastern Samar,ICRC,Quinapondan,Santa Margarita,76,76,76,,,,,,,,,,,,,,,
PH082600000,PH082618000,PH082618021,Eastern Samar,ICRC,Quinapondan,Santo Niño,87,87,87,,,,,,,,,,,,,,,
PH082600000,PH082618000,PH082618022,Eastern Samar,ICRC,Quinapondan,Palactad (Valley),37,37,37,,,,,,,,,,,,,,,
PH082600000,PH082618000,PH082618023,Eastern Samar,ICRC,Quinapondan,Alang-alang,8,8,8,,,,,,,,,,,,,,,
PH082600000,PH082618000,PH082618025,Eastern Samar,ICRC,Quinapondan,Barangay No. 7 (Pob.),1,1,1,,,,,,,,,,,,,,,
PH082600000,PH082618000,PH082618026,Eastern Samar,ICRC,Quinapondan,San Isidro,24,24,24,,,,,,,,,,,,,,,
PH082600000,PH082619000,PH082619001,Eastern Samar,ICRC,Salcedo,Abejao,68,68,68,,,,,,,,,,,,,,,
PH082600000,PH082619000,PH082619002,Eastern Samar,ICRC,Salcedo,Alog,22,22,22,,,,,,,,,,,,,,,
PH082600000,PH082619000,PH082619003,Eastern Samar,ICRC,Salcedo,Asgad,21,21,21,,,,,,,,,,,,,,,
PH082600000,PH082619000,PH082619004,Eastern Samar,ICRC,Salcedo,Bagtong,61,61,61,,,,,,,,,,,,,,,
PH082600000,PH082619000,PH082619005,Eastern Samar,ICRC,Salcedo,Balud,27,27,27,,,,,,,,,,,,,,,
PH082600000,PH082619000,PH082619007,Eastern Samar,ICRC,Salcedo,Barangay 13 (Pob.),15,15,15,,,,,,,,,,,,,,,
PH082600000,PH082619000,PH082619008,Eastern Samar,ICRC,Salcedo,Barangay 2 (Pob.),26,26,26,,,,,,,,,,,,,,,
PH082600000,PH082619000,PH082619009,Eastern Samar,ICRC,Salcedo,Barangay 3 (Pob.),1,1,1,,,,,,,,,,,,,,,
PH082600000,PH082619000,PH082619010,Eastern Samar,ICRC,Salcedo,Barangay 4 (Pob.),2,2,2,,,,,,,,,,,,,,,
PH082600000,PH082619000,PH082619011,Eastern Samar,ICRC,Salcedo,Barangay 5 (Pob.),1,1,1,,,,,,,,,,,,,,,
PH082600000,PH082619000,PH082619013,Eastern Samar,ICRC,Salcedo,Barangay 7 (Pob.),73,73,73,,,,,,,,,,,,,,,
PH082600000,PH082619000,PH082619016,Eastern Samar,ICRC,Salcedo,Barangay 10 (Pob.),1,1,1,,,,,,,,,,,,,,,
PH082600000,PH082619000,PH082619017,Eastern Samar,ICRC,Salcedo,Barangay 11 (Pob.),10,10,10,,,,,,,,,,,,,,,
PH082600000,PH082619000,PH082619018,Eastern Samar,ICRC,Salcedo,Barangay 12 (Pob.),9,9,9,,,,,,,,,,,,,,,
PH082600000,PH082619000,PH082619020,Eastern Samar,ICRC,Salcedo,Buabua,41,41,41,,,,,,,,,,,,,,,
PH082600000,PH082619000,PH082619021,Eastern Samar,ICRC,Salcedo,Burak,57,57,57,,,,,,,,,,,,,,,
PH082600000,PH082619000,PH082619022,Eastern Samar,ICRC,Salcedo,Butig,21,21,21,,,,,,,,,,,,,,,
PH082600000,PH082619000,PH082619023,Eastern Samar,ICRC,Salcedo,Cagaut,91,91,91,,,,,,,,,,,,,,,
PH082600000,PH082619000,PH082619024,Eastern Samar,ICRC,Salcedo,Camanga,83,83,83,,,,,,,,,,,,,,,
PH082600000,PH082619000,PH082619025,Eastern Samar,ICRC,Salcedo,Cantomoja,55,55,55,,,,,,,,,,,,,,,
PH082600000,PH082619000,PH082619026,Eastern Samar,ICRC,Salcedo,Carapdapan,35,35,35,,,,,,,,,,,,,,,
PH082600000,PH082619000,PH082619029,Eastern Samar,ICRC,Salcedo,Iberan,33,33,33,,,,,,,,,,,,,,,
PH082600000,PH082619000,PH082619030,Eastern Samar,ICRC,Salcedo,Jagnaya,12,12,12,,,,,,,,,,,,,,,
PH082600000,PH082619000,PH082619031,Eastern Samar,ICRC,Salcedo,Lusod,31,31,31,,,,,,,,,,,,,,,
PH082600000,PH082619000,PH082619032,Eastern Samar,ICRC,Salcedo,Malbog,26,26,26,,,,,,,,,,,,,,,
PH082600000,PH082619000,PH082619033,Eastern Samar,ICRC,Salcedo,Maliwaliw,84,84,84,,,,,,,,,,,,,,,
PH082600000,PH082619000,PH082619035,Eastern Samar,ICRC,Salcedo,Matarinao,117,117,117,,,,,,,,,,,,,,,
PH082600000,PH082619000,PH082619041,Eastern Samar,ICRC,Salcedo,Seguinon,28,28,28,,,,,,,,,,,,,,,
PH082600000,PH082619000,PH082619046,Eastern Samar,ICRC,Salcedo,San Roque (Bugay),20,20,20,,,,,,,,,,,,,,,
PH082600000,PH082619000,PH082619047,Eastern Samar,ICRC,Salcedo,Santa Cruz,22,22,22,,,,,,,,,,,,,,,
PH082600000,PH082619000,PH082619049,Eastern Samar,ICRC,Salcedo,Tacla-on,23,23,23,,,,,,,,,,,,,,,
PH082600000,PH082619000,PH082619050,Eastern Samar,ICRC,Salcedo,Tagbacan,48,48,48,,,,,,,,,,,,,,,
PH082600000,PH082619000,PH082619051,Eastern Samar,ICRC,Salcedo,Palanas,74,74,74,,,,,,,,,,,,,,,
PH083700000,PH083701000,PH083701007,Leyte,IFRC,Abuyog,Balocawe,123,123,112,,,,,,,,,,,,,,,
PH083700000,PH083701000,PH083701008,Leyte,IFRC,Abuyog,Balocawehay,257,254,239,,,,,,,,,,,,,,,
PH083700000,PH083701000,PH083701009,Leyte,IFRC,Abuyog,Barayong,139,139,136,,,10,10,,,,,,,,,,,
PH083700000,PH083701000,PH083701010,Leyte,IFRC,Abuyog,Bayabas,60,58,56,,,,,,,,,,,,,,,
PH083700000,PH083701000,PH083701014,Leyte,IFRC,Abuyog,Bunga,134,134,134,,,12,12,,,,,,,,,,,
PH083700000,PH083701000,PH083701020,Leyte,IFRC,Abuyog,Canmarating,97,97,97,,,,,,,,,,,,,,,
PH083700000,PH083701000,PH083701021,Leyte,IFRC,Abuyog,Capilian,50,50,50,,,6,6,,,,,,,,,,,
PH083700000,PH083701000,PH083701022,Leyte,IFRC,Abuyog,Cadac-an,54,53,53,,,,,,,,,,,,,,,
PH083700000,PH083701000,PH083701027,Leyte,IFRC,Abuyog,Katipunan,130,130,123,,,5,5,,,,,,,,,,,
PH083700000,PH083701000,PH083701036,Leyte,IFRC,Abuyog,Maitum,43,43,43,,,,,,,,,,,,,,,
PH083700000,PH083701000,PH083701041,Leyte,IFRC,Abuyog,Odiongan,76,76,75,,,,,,,,,,,,,,,
PH083700000,PH083701000,PH083701042,Leyte,IFRC,Abuyog,Pagsang-an,67,67,66,,,7,7,,,,,,,,,,,
PH083700000,PH083701000,PH083701050,Leyte,IFRC,Abuyog,San Isidro,60,60,57,,,,,,,,,,,,,,,
PH083700000,PH083701000,PH083701055,Leyte,IFRC,Abuyog,Tabigue,89,89,89,,,4,4,,,,,,,,,,,
PH083700000,PH083702000,PH083702001,Leyte,American Red Cross,Alangalang,Aslum,51,48,49,39,3,13,7,,,,,,,,,,,
PH083700000,PH083702000,PH083702002,Leyte,American Red Cross,Alangalang,Astorga (Burabod),45,45,42,60,3,9,7,,,,,,,,,,,
PH083700000,PH083702000,PH083702024,Leyte,American Red Cross,Alangalang,Hubang,63,62,62,33,3,12,9,,,,,,,,,,,
PH083700000,PH083702000,PH083702033,Leyte,American Red Cross,Alangalang,Peñalosa,90,90,90,15,3,3,2,,,,,,,,,,,
PH083700000,PH083702000,PH083702043,Leyte,American Red Cross,Alangalang,Santiago,66,66,66,8,2,8,6,,,,,,,,,,,
PH083700000,PH083706000,PH083706002,Leyte,IFRC,Barugo,Amahit,129,129,129,,,,,,,,,,,,,,,
PH083700000,PH083706000,PH083706006,Leyte,IFRC,Barugo,Bukid,119,119,119,,,,,,,,,,,,,,,
PH083700000,PH083706000,PH083706007,Leyte,IFRC,Barugo,Bulod,59,58,57,,,,,,,,,,,,,,,
PH083700000,PH083706000,PH083706009,Leyte,IFRC,Barugo,Cabolo-an,36,35,35,,,,,,,,,,,,,,,
PH083700000,PH083706000,PH083706011,Leyte,IFRC,Barugo,Can-isak,82,81,81,,,,,,,,,,,,,,,
PH083700000,PH083706000,PH083706014,Leyte,IFRC,Barugo,Guindaohan,101,101,101,,,4,4,,,,,,,,,,,
PH083700000,PH083706000,PH083706015,Leyte,IFRC,Barugo,Hiagsam,16,16,14,,,,,,,,,,,,,,,
PH083700000,PH083706000,PH083706016,Leyte,IFRC,Barugo,Hilaba,113,113,113,,,,,,,,,,,,,,,
PH083700000,PH083706000,PH083706018,Leyte,IFRC,Barugo,Ibag,38,38,38,,,,,,,,,,,,,,,
PH083700000,PH083706000,PH083706022,Leyte,IFRC,Barugo,Pitogo,35,32,32,,,,,,,,,,,,,,,
PH083700000,PH083706000,PH083706028,Leyte,IFRC,Barugo,Poblacion Dist. VI (New Road),98,98,98,,,3,3,,,,,,,,,,,
PH083700000,PH083706000,PH083706029,Leyte,IFRC,Barugo,Pongso,35,35,35,,,3,3,,,,,,,,,,,
PH083700000,PH083706000,PH083706031,Leyte,IFRC,Barugo,Roosevelt,77,77,76,,,,,,,,,,,,,,,
PH083700000,PH083706000,PH083706032,Leyte,IFRC,Barugo,San Isidro,82,79,79,,,,,,,,,,,,,,,
PH083700000,PH083706000,PH083706035,Leyte,IFRC,Barugo,Tutug-an,34,34,34,,,,,,,,,,,,,,,
PH083700000,PH083706000,PH083706036,Leyte,IFRC,Barugo,Cabarasan,69,67,67,,,,,,,,,,,,,,,
PH083700000,PH083706000,PH083706037,Leyte,IFRC,Barugo,Cuta,28,28,27,,,,,,,,,,,,,,,
PH083700000,PH083706000,PH083706038,Leyte,IFRC,Barugo,Domogdog,57,57,57,,,,,,,,,,,,,,,
PH083700000,PH083706000,PH083706039,Leyte,IFRC,Barugo,San Roque,37,37,37,,,,,,,,,,,,,,,
PH083700000,PH083710000,PH083710002,Leyte,IFRC,Burauen,Anonang,64,64,63,,,,,,,,,,,,,,,
PH083700000,PH083710000,PH083710007,Leyte,IFRC,Burauen,Bobon,47,47,47,,,8,8,,,,,,,,,,,
PH083700000,PH083710000,PH083710008,Leyte,IFRC,Burauen,Buenavista,20,20,20,,,,,,,,,,,,,,,
PH083700000,PH083710000,PH083710013,Leyte,IFRC,Burauen,Cali,23,23,23,,,,,,,,,,,,,,,
PH083700000,PH083710000,PH083710035,Leyte,IFRC,Burauen,Kalao,53,53,53,,,,,,,,,,,,,,,
PH083700000,PH083710000,PH083710040,Leyte,IFRC,Burauen,Logsongan,71,70,70,,,,,,,,,,,,,,,
PH083700000,PH083710000,PH083710043,Leyte,IFRC,Burauen,Mahagnao,41,41,41,,,,,,,,,,,,,,,
PH083700000,PH083710000,PH083710051,Leyte,IFRC,Burauen,Pangdan,31,31,31,,,,,,,,,,,,,,,
PH083700000,PH083710000,PH083710052,Leyte,IFRC,Burauen,Patag,49,49,49,,,,,,,,,,,,,,,
PH083700000,PH083710000,PH083710056,Leyte,IFRC,Burauen,Roxas,51,44,44,,,,,,,,,,,,,,,
PH083700000,PH083710000,PH083710065,Leyte,IFRC,Burauen,Tagadtaran,23,23,23,,,,,,,,,,,,,,,
PH083700000,PH083710000,PH083710066,Leyte,IFRC,Burauen,Taghuyan,49,49,49,,,2,2,,,,,,,,,,,
PH083700000,PH083710000,PH083710067,Leyte,IFRC,Burauen,Takin,36,36,36,,,,,,,,,,,,,,,
PH083700000,PH083710000,PH083710070,Leyte,IFRC,Burauen,Toloyao,55,55,55,,,3,3,,,,,,,,,,,
PH083700000,PH083710000,PH083710072,Leyte,IFRC,Burauen,Villa Corazon,51,51,51,,,8,8,,,,,,,,,,,
PH083700000,PH083710000,PH083710073,Leyte,IFRC,Burauen,Villa Patria,34,34,34,,,8,8,,,,,,,,,,,
PH083700000,PH083710000,PH083710076,Leyte,IFRC,Burauen,Damulo-an,21,21,21,,,,,,,,,,,,,,,
PH083700000,PH083710000,PH083710077,Leyte,IFRC,Burauen,Dina-ayan,23,23,22,,,,,,,,,,,,,,,
PH083700000,PH083710000,PH083710078,Leyte,IFRC,Burauen,Gamay,26,25,23,,,,,,,,,,,,,,,
PH083700000,PH083713000,PH083713001,Leyte,Australian Red Cross,Calubian,Abanilla,42,42,,,,,,,,,,,,,,,,
PH083700000,PH083713000,PH083713003,Leyte,Australian Red Cross,Calubian,Anislagan,76,76,,,,,,,,,,,,,,,,
PH083700000,PH083713000,PH083713011,Leyte,Australian Red Cross,Calubian,Caroyocan,86,86,,,,,,,,,,,,,,,,
PH083700000,PH083713000,PH083713014,Leyte,Australian Red Cross,Calubian,Cristina,119,119,,,,,,,,,,,,,,,,
PH083700000,PH083713000,PH083713028,Leyte,Australian Red Cross,Calubian,Inalad,99,99,,,,,,,,,,,,,,,,
PH083700000,PH083713000,PH083713029,Leyte,Australian Red Cross,Calubian,Jubay,153,153,,,,,,,,,,,,,,,,
PH083700000,PH083713000,PH083713051,Leyte,Australian Red Cross,Calubian,Railes,66,66,,0,0,,,,,,,,,,,,,
PH083700000,PH083713000,PH083713056,Leyte,Australian Red Cross,Calubian,Villahermosa,52,52,,,,,,,,,,,,,,,,
PH083700000,PH083713000,PH083713058,Leyte,Australian Red Cross,Calubian,Villanueva,11,11,,,,,,,,,,,,,,,,
PH083700000,PH083713000,#N/A,Leyte,Australian Red Cross,Calubian,Limite,119,119,,,,,,,,,,,,,,,,
PH083700000,PH083715000,PH083715002,Leyte,IFRC,Carigara,Barayong,19,19,19,,,,,,,,,,,,,,,
PH083700000,PH083715000,PH083715012,Leyte,IFRC,Carigara,Candigahub,72,72,67,,,,,,,,,,,,,,,
PH083700000,PH083715000,PH083715013,Leyte,IFRC,Carigara,Canlampay,59,57,57,,,,,,,,,,,,,,,
PH083700000,PH083715000,PH083715015,Leyte,IFRC,Carigara,Cutay,70,70,70,,,,,,,,,,,,,,,
PH083700000,PH083715000,PH083715019,Leyte,IFRC,Carigara,Hiluctogan,63,63,63,,,,,,,,,,,,,,,
PH083700000,PH083715000,PH083715021,Leyte,IFRC,Carigara,Libo,38,38,38,,,,,,,,,,,,,,,
PH083700000,PH083715000,PH083715030,Leyte,IFRC,Carigara,Piloro,70,66,66,,,,,,,,,,,,,,,
PH083700000,PH083715000,PH083715034,Leyte,IFRC,Carigara,Santa Fe,35,35,35,,,,,,,,,,,,,,,
PH083700000,PH083715000,PH083715039,Leyte,IFRC,Carigara,Tinaguban,59,59,59,,,,,,,,,,,,,,,
PH083700000,PH083715000,PH083715040,Leyte,IFRC,Carigara,Upper Hiraan,50,50,50,,,,,,,,,,,,,,,
PH083700000,PH083715000,PH083715041,Leyte,IFRC,Carigara,Upper Sogod,74,74,74,,,,,,,,,,,,,,,
PH083700000,PH083715000,PH083715044,Leyte,IFRC,Carigara,Paglaum,37,36,36,,,,,,,,,,,,,,,
PH083700000,PH083715000,PH083715045,Leyte,IFRC,Carigara,San Juan,32,32,32,,,,,,,,,,,,,,,
PH083700000,PH083715000,PH083715047,Leyte,IFRC,Carigara,Canfabi,24,24,22,,,,,,,,,,,,,,,
PH083700000,PH083715000,PH083715049,Leyte,IFRC,Carigara,San Isidro,28,28,28,,,,,,,,,,,,,,,
PH083700000,PH083717000,PH083717012,Leyte,IFRC,Dagami,Cabunga-an,13,12,12,,,,,,,,,,,,,,,
PH083700000,PH083717000,PH083717034,Leyte,IFRC,Dagami,Ormocay,32,31,30,,,8,8,,,,,,,,,,,
PH083700000,PH083717000,PH083717035,Leyte,IFRC,Dagami,Palacio,43,43,43,,,,,,,,,,,,,,,
PH083700000,PH083717000,PH083717059,Leyte,IFRC,Dagami,Capulhan,28,28,28,,,,,,,,,,,,,,,
PH083700000,PH083717000,PH083717061,Leyte,IFRC,Dagami,Paraiso,80,79,77,,,,,,,,,,,,,,,
PH083700000,PH083718000,PH083718006,Leyte,German Red Cross,Dulag,Cabacungan,319,319,318,180,3,,,,,,,,,,,,,
PH083700000,PH083718000,PH083718024,Leyte,German Red Cross,Dulag,Cambula District (Pob.),63,63,63,,,,,,,,,,,,,,,
PH083700000,PH083718000,PH083718025,Leyte,German Red Cross,Dulag,Candao (Pob.),94,94,93,30,3,,,,,,,,,,,,,
PH083700000,PH083718000,PH083718027,Leyte,German Red Cross,Dulag,Combis (Pob.),181,181,181,104,3,,,,,,,,,,,,,
PH083700000,PH083718000,PH083718028,Leyte,German Red Cross,Dulag,Highway (Pob.),268,268,264,129,3,,,,,,,,,,,,,
PH083700000,PH083718000,PH083718031,Leyte,German Red Cross,Dulag,Serrano (Pob.),92,92,92,,,,,,,,,,,,,,,
PH083700000,PH083718000,PH083718045,Leyte,German Red Cross,Dulag,Tigbao,224,223,222,,,,,,,,,,,,,,,
PH083700000,PH083722000,PH083722002,Leyte,Netherlands Red Cross,Isabel,Antipolo,,,,10,3,10,0,,,,,,,,,,,
PH083700000,PH083722000,PH083722004,Leyte,Netherlands Red Cross,Isabel,Bantigue,,,,10,3,10,0,,,,,,,,,,,
PH083700000,PH083722000,PH083722008,Leyte,Netherlands Red Cross,Isabel,Cangag,83,83,83,10,3,10,0,,,,,,,,,,,
PH083700000,PH083722000,PH083722015,Leyte,Netherlands Red Cross,Isabel,Monte Alegre,,,,10,3,10,0,,,,,,,,,,,
PH083700000,PH083722000,PH083722017,Leyte,Netherlands Red Cross,Isabel,Puting Bato,57,57,57,15,3,15,0,,,,,,,,,,,
PH083700000,PH083722000,PH083722018,Leyte,Netherlands Red Cross,Isabel,San Francisco,,,,11,3,11,0,,,,,,,,,,,
PH083700000,PH083722000,#N/A,Leyte,Netherlands Red Cross,Isabel,Can Andan,,,,14,3,14,0,,,,,,,,,,,
PH083700000,PH083724000,PH083724002,Leyte,IFRC,Javier (Bugho),Andres Bonifacio,67,67,67,,,9,9,,,,,,,,,,,
PH083700000,PH083724000,PH083724004,Leyte,IFRC,Javier (Bugho),Binulho,95,95,86,,,,,,,,,,,,,,,
PH083700000,PH083724000,PH083724005,Leyte,IFRC,Javier (Bugho),Calzada,51,51,49,,,,,,,,,,,,,,,
PH083700000,PH083724000,PH083724007,Leyte,IFRC,Javier (Bugho),Caranhug,65,64,64,,,,,,,,,,,,,,,
PH083700000,PH083724000,PH083724010,Leyte,IFRC,Javier (Bugho),Comatin,153,153,152,,,7,7,,,,,,,,,,,
PH083700000,PH083724000,PH083724012,Leyte,IFRC,Javier (Bugho),Inayupan,65,63,61,,,,,,,,,,,,,,,
PH083700000,PH083724000,PH083724013,Leyte,IFRC,Javier (Bugho),Laray,67,67,67,,,3,3,,,,,,,,,,,
PH083700000,PH083724000,PH083724014,Leyte,IFRC,Javier (Bugho),Magsaysay (Responde),30,30,28,,,,,,,,,,,,,,,
PH083700000,PH083724000,PH083724015,Leyte,IFRC,Javier (Bugho),Malitbogay,81,81,79,,,,,,,,,,,,,,,
PH083700000,PH083724000,PH083724016,Leyte,IFRC,Javier (Bugho),Manarug,34,34,29,,,,,,,,,,,,,,,
PH083700000,PH083724000,PH083724021,Leyte,IFRC,Javier (Bugho),Pinocawan,86,86,82,,,,,,,,,,,,,,,
PH083700000,PH083724000,PH083724027,Leyte,IFRC,Javier (Bugho),Talisayan,74,74,74,,,10,10,,,,,,,,,,,
PH083700000,PH083724000,PH083724028,Leyte,IFRC,Javier (Bugho),San Sotero (Tambis),83,79,79,,,,,,,,,,,,,,,
PH083700000,PH083724000,PH083724029,Leyte,IFRC,Javier (Bugho),Ulhay,52,51,50,,,,,,,,,,,,,,,
PH083700000,PH083725000,PH083725001,Leyte,German Red Cross,Julita,Alegria,86,86,86,,,,,,,,,,,,,,,
PH083700000,PH083725000,PH083725003,Leyte,German Red Cross,Julita,Aslum,67,67,67,,,,,,,,,,,,,,,
PH083700000,PH083725000,PH083725004,Leyte,German Red Cross,Julita,Balante,68,68,68,,,,,,,,,,,,,,,
PH083700000,PH083725000,PH083725005,Leyte,German Red Cross,Julita,Bongdo,140,140,140,47,3,,,,,,,,,,,,,
PH083700000,PH083725000,PH083725010,Leyte,German Red Cross,Julita,Cuya-e,143,141,140,,,,,,,,,,,,,,,
PH083700000,PH083725000,PH083725014,Leyte,German Red Cross,Julita,Gitabla,45,45,45,,,,,,,,,,,,,,,
PH083700000,PH083725000,PH083725015,Leyte,German Red Cross,Julita,Hindang,124,124,124,,,,,,,,,,,,,,,
PH083700000,PH083725000,PH083725016,Leyte,German Red Cross,Julita,Inawangan,67,67,67,,,,,,,,,,,,,,,
PH083700000,PH083725000,PH083725018,Leyte,German Red Cross,Julita,Poblacion District I,118,118,118,42,3,,,,,,,,,,,,,
PH083700000,PH083725000,PH083725019,Leyte,German Red Cross,Julita,Poblacion District II,215,215,214,62,3,,,,,,,,,,,,,
PH083700000,PH083725000,PH083725020,Leyte,German Red Cross,Julita,Poblacion District III,142,142,142,61,3,,,,,,,,,,,,,
PH083700000,PH083725000,PH083725021,Leyte,German Red Cross,Julita,Poblacion District IV,187,187,186,77,3,,,,,,,,,,,,,
PH083700000,PH083725000,PH083725023,Leyte,German Red Cross,Julita,San Pablo,65,65,65,,,,,,,,,,,,,,,
PH083700000,PH083725000,PH083725024,Leyte,German Red Cross,Julita,Santa Cruz,136,136,136,,,,,,,,,,,,,,,
PH083700000,PH083725000,PH083725027,Leyte,German Red Cross,Julita,Tolosahay,98,98,97,,,,,,,,,,,,,,,
PH083700000,PH083725000,PH083725028,Leyte,German Red Cross,Julita,Villa Hermosa,105,105,105,,,,,,,,,,,,,,,
PH083700000,PH083730000,PH083730002,Leyte,American Red Cross,Macarthur,Burabod,79,79,75,17,1,5,2,,,,,,,,,,,
PH083700000,PH083730000,PH083730007,Leyte,American Red Cross,Macarthur,Danao,22,22,22,85,1,5,2,,,,,,,,,,,
PH083700000,PH083730000,PH083730009,Leyte,American Red Cross,Macarthur,Kiling,55,55,55,19,1,5,3,,,,,,,,,,,
PH083700000,PH083730000,PH083730010,Leyte,American Red Cross,Macarthur,Lanawan,68,68,68,20,1,4,3,,,,,,,,,,,
PH083700000,PH083730000,PH083730013,Leyte,American Red Cross,Macarthur,Oguisan,0,0,,29,0,3,3,,,,,,,,,,,
PH083700000,PH083730000,PH083730024,Leyte,American Red Cross,Macarthur,San Antonio,99,99,99,43,2,4,2,,,,,,,,,,,
PH083700000,PH083730000,PH083730025,Leyte,American Red Cross,Macarthur,San Isidro,21,21,21,82,0,9,3,,,,,,,,,,,
PH083700000,PH083730000,PH083730028,Leyte,American Red Cross,Macarthur,Santa Isabel,141,141,135,38,0,11,7,,,,,,,,,,,
PH083700000,PH083730000,PH083730032,Leyte,American Red Cross,Macarthur,Villa Imelda,78,78,78,19,0,3,,,,,,,,,,,,
PH083700000,PH083735000,PH083735003,Leyte,American Red Cross,Mayorga,Burgos,126,126,126,,,3,2,,,,,,,,,,,
PH083700000,PH083735000,PH083735012,Leyte,American Red Cross,Mayorga,San Roque,42,42,41,,,7,3,,,,,,,,,,,
PH083700000,PH083735000,PH083735014,Leyte,American Red Cross,Mayorga,Talisay,97,97,97,,,10,5,,,,,,,,,,,
PH083700000,PH083735000,PH083735015,Leyte,American Red Cross,Mayorga,Union,146,146,146,,,15,8,,,,,,,,,,,
PH083700000,PH083735000,PH083735016,Leyte,American Red Cross,Mayorga,Wilson,55,55,55,,,10,4,,,,,,,,,,,
PH083700000,PH083736000,PH083736004,Leyte,Netherlands Red Cross,Merida,Calunasan,39,39,39,10,4,10,0,,,,,,,,,,,
PH083700000,PH083736000,PH083736005,Leyte,Netherlands Red Cross,Merida,Cambalong,,,,10,4,10,0,,,,,,,,,,,
PH083700000,PH083736000,PH083736014,Leyte,Netherlands Red Cross,Merida,Mahalit,,,,15,4,15,0,,,,,,,,,,,
PH083700000,PH083736000,PH083736020,Leyte,Netherlands Red Cross,Merida,San Jose,53,53,53,10,4,10,0,,,,,,,,,,,
PH083700000,PH083736000,PH083736022,Leyte,Netherlands Red Cross,Merida,Tubod,57,57,57,15,4,15,0,,,,,,,,,,,
PH083700000,PH083739000,PH083739001,Leyte,IFRC,Palo,Anahaway,68,68,68,,,,,,,,,,,,,,,
PH083700000,PH083739000,PH083739006,Leyte,IFRC,Palo,Cabarasan Daku,58,57,57,,,,,,,,,,,,,,,
PH083700000,PH083739000,PH083739007,Leyte,IFRC,Palo,Cabarasan Guti,31,31,31,,,,,,,,,,,,,,,
PH083700000,PH083739000,PH083739010,Leyte,IFRC,Palo,Cangumbang,78,77,77,,,,,,,,,,,,,,,
PH083700000,PH083739000,PH083739011,Leyte,IFRC,Palo,Canhidoc,52,51,51,,,,,,,,,,,,,,,
PH083700000,PH083739000,PH083739012,Leyte,IFRC,Palo,Capirawan,117,117,117,,,,,,,,,,,,,,,
PH083700000,PH083739000,PH083739014,Leyte,IFRC,Palo,Cogon (Cogon San Joaquin),104,104,103,,,,,,,,,,,,,,,
PH083700000,PH083739000,PH083739026,Leyte,IFRC,Palo,San Agustin,96,95,95,,,,,,,,,,,,,,,
PH083700000,PH083739000,PH083739027,Leyte,IFRC,Palo,San Antonio,69,69,65,,,,,,,,,,,,,,,
PH083700000,PH083739000,PH083739032,Leyte,IFRC,Palo,Tacuranga,124,124,124,,,,,,,,,,,,,,,
PH083700000,PH083741000,PH083741005,Leyte,IFRC,Pastrana,Calsadahay,72,72,72,,,8,8,,,,,,,,,,,
PH083700000,PH083741000,PH083741010,Leyte,IFRC,Pastrana,Dumarag,54,54,54,,,,,,,,,,,,,,,
PH083700000,PH083741000,PH083741011,Leyte,IFRC,Pastrana,Guindapunan,36,36,36,,,7,7,,,,,,,,,,,
PH083700000,PH083741000,PH083741026,Leyte,IFRC,Pastrana,Sapsap,55,55,55,,,,,,,,,,,,,,,
PH083700000,PH083742000,PH083742003,Leyte,Australian Red Cross,San Isidro,Basud,120,120,,0,0,,,,,,,,,,,,,
PH083700000,PH083742000,PH083742005,Leyte,Australian Red Cross,San Isidro,Biasong,162,162,,,,,,,,,,,,,,,,
PH083700000,PH083742000,PH083742009,Leyte,Australian Red Cross,San Isidro,Capiñahan (Pob.),102,102,,0,0,,,,,,,,,,,,,
PH083700000,PH083742000,PH083742012,Leyte,Australian Red Cross,San Isidro,Daja-diot,25,25,,0,0,,,,,,,,,,,,,
PH083700000,PH083742000,PH083742017,Leyte,Australian Red Cross,San Isidro,Paril,39,39,,0,0,,,,,,,,,,,,,
PH083700000,PH083742000,PH083742018,Leyte,Australian Red Cross,San Isidro,San Jose,0,66,,0,0,,,,,,,,,,,,,
PH083700000,PH083742000,PH083742020,Leyte,Australian Red Cross,San Isidro,Tinago,178,177,,0,0,,,,,,,,,,,,,
PH083700000,PH083742000,PH083742022,Leyte,Australian Red Cross,San Isidro,San Miguel,124,124,,0,0,,,,,,,,,,,,,
PH083700000,PH083743000,PH083743001,Leyte,IFRC,San Miguel,Bagacay,90,90,88,,,,,,,,,,,,,,,
PH083700000,PH083743000,PH083743002,Leyte,IFRC,San Miguel,Bahay,147,144,143,,,,,,,,,,,,,,,
PH083700000,PH083743000,PH083743003,Leyte,IFRC,San Miguel,Bairan,101,101,101,,,11,11,,,,,,,,,,,
PH083700000,PH083743000,PH083743004,Leyte,IFRC,San Miguel,Cabatianuhan,167,167,167,,,,,,,,,,,,,,,
PH083700000,PH083743000,PH083743005,Leyte,IFRC,San Miguel,Canap,85,84,84,,,,,,,,,,,,,,,
PH083700000,PH083743000,PH083743006,Leyte,IFRC,San Miguel,Capilihan,35,35,34,,,,,,,,,,,,,,,
PH083700000,PH083743000,PH083743007,Leyte,IFRC,San Miguel,Caraycaray,84,84,84,,,,,,,,,,,,,,,
PH083700000,PH083743000,PH083743009,Leyte,IFRC,San Miguel,Libtong (East Poblacion),263,263,261,,,,,,,,,,,,,,,
PH083700000,PH083743000,PH083743010,Leyte,IFRC,San Miguel,Guinciaman,206,196,193,,,,,,,,,,,,,,,
PH083700000,PH083743000,PH083743011,Leyte,IFRC,San Miguel,Impo,40,40,38,,,,,,,,,,,,,,,
PH083700000,PH083743000,PH083743012,Leyte,IFRC,San Miguel,Kinalumsan,40,40,40,,,,,,,,,,,,,,,
PH083700000,PH083743000,PH083743014,Leyte,IFRC,San Miguel,Lukay,86,86,86,,,9,9,,,,,,,,,,,
PH083700000,PH083743000,PH083743015,Leyte,IFRC,San Miguel,Malaguinabot,118,118,118,,,3,3,,,,,,,,,,,
PH083700000,PH083743000,PH083743017,Leyte,IFRC,San Miguel,Mawodpawod,65,65,61,,,,,,,,,,,,,,,
PH083700000,PH083743000,PH083743018,Leyte,IFRC,San Miguel,Patong,51,50,50,,,4,4,,,,,,,,,,,
PH083700000,PH083743000,PH083743020,Leyte,IFRC,San Miguel,San Andres,44,42,42,,,,,,,,,,,,,,,
PH083700000,PH083743000,PH083743022,Leyte,IFRC,San Miguel,Santol,78,78,78,,,5,5,,,,,,,,,,,
PH083700000,PH083743000,PH083743023,Leyte,IFRC,San Miguel,Cayare (West Poblacion),100,100,99,,,,,,,,,,,,,,,
PH083700000,PH083744000,PH083744006,Leyte,IFRC,Santa Fe,Milagrosa,60,60,60,,,3,3,,,,,,,,,,,
PH083700000,PH083744000,PH083744007,Leyte,IFRC,Santa Fe,Pilit,116,113,108,,,9,9,,,,,,,,,,,
PH083700000,PH083744000,PH083744012,Leyte,IFRC,Santa Fe,San Isidro,263,263,262,,,13,13,,,,,,,,,,,
PH083700000,PH083744000,PH083744013,Leyte,IFRC,Santa Fe,San Juan,124,123,123,,,5,5,,,,,,,,,,,
PH083700000,PH083744000,PH083744015,Leyte,IFRC,Santa Fe,San Roque,168,168,165,,,,,,,,,,,,,,,
PH083700000,PH083744000,PH083744016,Leyte,IFRC,Santa Fe,Tibak,164,164,153,,,,,,,,,,,,,,,
PH083700000,PH083744000,PH083744017,Leyte,IFRC,Santa Fe,Victoria,76,76,76,,,5,5,,,,,,,,,,,
PH083700000,PH083744000,PH083744020,Leyte,IFRC,Santa Fe,Zone 4 Pob. (Cabangcalan),95,95,92,,,,,,,,,,,,,,,
PH083700000,PH083745000,PH083745004,Leyte,Australian Red Cross,Tabango,Campokpok,124,124,,0,0,,,,,,,,,,,,,
PH083700000,PH083745000,PH083745005,Leyte,Australian Red Cross,Tabango,Catmon,148,148,,0,0,,,,,,,,,,,,,
PH083700000,PH083745000,PH083745006,Leyte,Australian Red Cross,Tabango,Gimarco,115,115,,,,,,,,,,,,,,,,
PH083700000,PH083745000,PH083745008,Leyte,Australian Red Cross,Tabango,Inangatan,113,111,,,,,,,,,,,,,,,,
PH083700000,PH083745000,PH083745009,Leyte,Australian Red Cross,Tabango,Manlawaan,125,125,,,,,,,,,,,,,,,,
PH083700000,PH083745000,PH083745010,Leyte,Australian Red Cross,Tabango,Omaganhan,194,193,,0,0,,,,,,,,,,,,,
PH083700000,PH083745000,PH083745011,Leyte,Australian Red Cross,Tabango,Poblacion,158,157,,0,0,,,,,,,,,,,,,
PH083700000,PH083747000,PH083747022,Leyte,American Red Cross,Tacloban City (Capital),Barangay 103-A (San Paglaum),62,61,61,,,5,5,,,,,,,,,,,
PH083700000,PH083747000,PH083747061,Leyte,American Red Cross,Tacloban City (Capital),Barangay 37-A,61,61,59,,,6,5,,,,,,,,,,,
PH083700000,PH083747000,PH083747095,Leyte,American Red Cross,Tacloban City (Capital),Barangay 65,0,0,,0,0,,,,,,,,,,,,,
PH083700000,PH083747000,PH083747110,Leyte,American Red Cross,Tacloban City (Capital),Barangay 79 (Marasbaras),156,155,155,,,8,5,,,,,,,,,,,
PH083700000,PH083747000,PH083747115,Leyte,American Red Cross,Tacloban City (Capital),Barangay 83 (San Jose),,,,,,17,10,,,,,,,,,,,
PH083700000,PH083747000,PH083747151,Leyte,American Red Cross,Tacloban City (Capital),Barangay 83-C (San Jose),602,600,592,,,,,,,,,,,,,,,
PH083700000,PH083747000,#N/A,Leyte,Infosys,Tacloban City (Capital),Bagacay,168,168,168,,,,,,,,,,,,,,,
PH083700000,PH083748000,PH083748013,Leyte,IFRC,Tanauan,Cabarasan Guti,33,33,31,,,,,,,,,,,,,,,
PH083700000,PH083748000,PH083748036,Leyte,IFRC,Tanauan,Mohon,54,54,51,,,,,,,,,,,,,,,
PH083700000,PH083749000,PH083749002,Leyte,Spanish Red Cross,Tolosa,Canmogsay,99,99,99,74,2,2,2,,,,,,,,,,,
PH083700000,PH083749000,PH083749006,Leyte,Spanish Red Cross,Tolosa,Olot,152,152,147,112,2,4,4,,,,,,,,,,,
PH083700000,PH083749000,PH083749008,Leyte,Spanish Red Cross,Tolosa,Poblacion,119,119,115,104,2,1,1,,,,,,,,,,,
PH083700000,PH083749000,PH083749009,Leyte,Spanish Red Cross,Tolosa,Quilao,153,142,141,140,2,7,7,,,,,,,,,,,
PH083700000,PH083749000,PH083749010,Leyte,Spanish Red Cross,Tolosa,San Roque,482,398,397,391,2,11,11,,,,,,,,,,,
PH083700000,PH083749000,PH083749012,Leyte,Spanish Red Cross,Tolosa,Tanghas,179,135,134,124,2,2,2,,,,,,,,,,,
PH083700000,PH083749000,PH083749014,Leyte,Spanish Red Cross,Tolosa,Doña Brigida,253,219,219,175,2,1,1,,,,,,,,,,,
PH083700000,PH083749000,PH083749015,Leyte,Spanish Red Cross,Tolosa,Imelda,62,60,55,52,2,2,2,,,,,,,,,,,
PH083700000,PH083750000,PH083750001,Leyte,IFRC,Tunga,Astorga (Upart),68,68,68,,,,,,,,,,,,,,,
PH083700000,PH083750000,PH083750003,Leyte,IFRC,Tunga,Banawang,48,48,48,,,,,,,,,,,,,,,
PH083700000,PH083750000,PH083750005,Leyte,IFRC,Tunga,San Pedro,60,59,56,,,,,,,,,,,,,,,
PH083700000,PH083750000,PH083750006,Leyte,IFRC,Tunga,San Roque,37,37,37,,,,,,,,,,,,,,,
PH083700000,PH083750000,PH083750007,Leyte,IFRC,Tunga,San Vicente (Pob.),83,77,74,,,,,,,,,,,,,,,
PH086000000,PH086002000,PH086002004,Samar (Western Samar),ICRC,Basey,Baloog,16,16,16,,,,,,,,,,,,,,,
PH086000000,PH086002000,PH086002006,Samar (Western Samar),ICRC,Basey,Buenavista,60,60,60,,,,,,,,,,,,,,,
PH086000000,PH086002000,PH086002007,Samar (Western Samar),ICRC,Basey,Burgos,78,78,78,,,,,,,,,,,,,,,
PH086000000,PH086002000,PH086002010,Samar (Western Samar),ICRC,Basey,Cancaiyas,59,59,59,,,,,,,,,,,,,,,
PH086000000,PH086002000,PH086002013,Samar (Western Samar),ICRC,Basey,Cogon,122,122,122,,,,,,,,,,,,,,,
PH086000000,PH086002000,PH086002015,Samar (Western Samar),ICRC,Basey,Guintigui-an,41,41,41,,,,,,,,,,,,,,,
PH086000000,PH086002000,PH086002017,Samar (Western Samar),ICRC,Basey,Balante,52,52,52,,,,,,,,,,,,,,,
PH086000000,PH086002000,PH086002021,Samar (Western Samar),ICRC,Basey,Loog,179,179,179,,,,,,,,,,,,,,,
PH086000000,PH086002000,PH086002022,Samar (Western Samar),ICRC,Basey,Mabini,305,304,304,,,,,,,,,,,,,,,
PH086000000,PH086002000,PH086002024,Samar (Western Samar),ICRC,Basey,Manlilinab,35,35,35,,,,,,,,,,,,,,,
PH086000000,PH086002000,PH086002025,Samar (Western Samar),ICRC,Basey,Del Pilar,118,118,118,,,,,,,,,,,,,,,
PH086000000,PH086002000,PH086002026,Samar (Western Samar),ICRC,Basey,May-it,53,53,53,,,,,,,,,,,,,,,
PH086000000,PH086002000,PH086002027,Samar (Western Samar),ICRC,Basey,Mongabong,25,25,25,,,,,,,,,,,,,,,
PH086000000,PH086002000,PH086002033,Samar (Western Samar),ICRC,Basey,Pelit,65,65,65,,,,,,,,,,,,,,,
PH086000000,PH086002000,PH086002041,Samar (Western Samar),ICRC,Basey,Roxas,135,135,135,,,,,,,,,,,,,,,
PH086000000,PH086002000,PH086002050,Samar (Western Samar),ICRC,Basey,Villa Aurora,87,87,87,,,,,,,,,,,,,,,
PH086000000,PH086002000,PH086002052,Samar (Western Samar),ICRC,Basey,Bulao,70,70,70,,,,,,,,,,,,,,,
PH175300000,PH175307000,PH175307001,Palawan,Swiss Red Cross,Busuanga,Bogtong,48,48,,,,,,,,,,,,,,,,
PH175300000,PH175307000,PH175307002,Palawan,Swiss Red Cross,Busuanga,Buluang,129,128,,,,,,,,,,,,,,,,
PH175300000,PH175307000,PH175307006,Palawan,Swiss Red Cross,Busuanga,Maglalambay,75,75,,,,,,,,,,,,,,,,
PH175300000,PH175307000,PH175307013,Palawan,Swiss Red Cross,Busuanga,San Isidro,62,61,,,,,,,,,,,,,,,,
PH175300000,PH175307000,PH175307014,Palawan,Swiss Red Cross,Busuanga,San Rafael,42,41,,,,,,,,,,,,,,,,
PH175300000,PH175307000,#N/A,Palawan,Swiss Red Cross,Busuanga,New Quezon,56,56,,,,,,,,,,,,,,,,
PH175300000,PH175309000,PH175309003,Palawan,Swiss Red Cross,Coron,Borac,114,114,,,,,,,,,,,,,,,,
PH175300000,PH175309000,PH175309006,Palawan,Swiss Red Cross,Coron,Cabugao,143,137,,,,,,,,,,,,,,,,
PH175300000,PH175309000,PH175309009,Palawan,Swiss Red Cross,Coron,Decalachao,105,102,,,,,,,,,,,,,,,,
